RegionID,SizeRank,RegionName,RegionType,StateName,Attribute,Value
394913,1,"New York, NY",Msa,NY,2017-11-30,56756
394913,1,"New York, NY",Msa,NY,2017-12-31,49801
394913,1,"New York, NY",Msa,NY,2018-01-31,48727
394913,1,"New York, NY",Msa,NY,2018-02-28,51954
394913,1,"New York, NY",Msa,NY,2018-03-31,57153
394913,1,"New York, NY",Msa,NY,2018-04-30,63369
394913,1,"New York, NY",Msa,NY,2018-05-31,68103
394913,1,"New York, NY",Msa,NY,2018-06-30,69886
394913,1,"New York, NY",Msa,NY,2018-07-31,70042
394913,1,"New York, NY",Msa,NY,2018-08-31,68479
394913,1,"New York, NY",Msa,NY,2018-09-30,67000
394913,1,"New York, NY",Msa,NY,2018-10-31,67198
394913,1,"New York, NY",Msa,NY,2018-11-30,61636
394913,1,"New York, NY",Msa,NY,2018-12-31,54401
394913,1,"New York, NY",Msa,NY,2019-01-31,54576
394913,1,"New York, NY",Msa,NY,2019-02-28,56320
394913,1,"New York, NY",Msa,NY,2019-03-31,62563
394913,1,"New York, NY",Msa,NY,2019-04-30,68509
394913,1,"New York, NY",Msa,NY,2019-05-31,72200
394913,1,"New York, NY",Msa,NY,2019-06-30,73590
394913,1,"New York, NY",Msa,NY,2019-07-31,72383
394913,1,"New York, NY",Msa,NY,2019-08-31,69523
394913,1,"New York, NY",Msa,NY,2019-09-30,69208
394913,1,"New York, NY",Msa,NY,2019-10-31,66480
394913,1,"New York, NY",Msa,NY,2019-11-30,59800
394913,1,"New York, NY",Msa,NY,2019-12-31,52151
394913,1,"New York, NY",Msa,NY,2020-01-31,51201
394913,1,"New York, NY",Msa,NY,2020-02-29,53387
394913,1,"New York, NY",Msa,NY,2020-03-31,56555
394913,1,"New York, NY",Msa,NY,2020-04-30,46949
394913,1,"New York, NY",Msa,NY,2020-05-31,51046
394913,1,"New York, NY",Msa,NY,2020-06-30,56716
394913,1,"New York, NY",Msa,NY,2020-07-31,58342
394913,1,"New York, NY",Msa,NY,2020-08-31,56297
394913,1,"New York, NY",Msa,NY,2020-09-30,55778
394913,1,"New York, NY",Msa,NY,2020-10-31,53611
394913,1,"New York, NY",Msa,NY,2020-11-30,46477
394913,1,"New York, NY",Msa,NY,2020-12-31,39585
753899,2,"Los Angeles-Long Beach-Anaheim, CA",Msa,CA,2017-11-30,19222
753899,2,"Los Angeles-Long Beach-Anaheim, CA",Msa,CA,2017-12-31,15740
753899,2,"Los Angeles-Long Beach-Anaheim, CA",Msa,CA,2018-01-31,16974
753899,2,"Los Angeles-Long Beach-Anaheim, CA",Msa,CA,2018-02-28,18700
753899,2,"Los Angeles-Long Beach-Anaheim, CA",Msa,CA,2018-03-31,20703
753899,2,"Los Angeles-Long Beach-Anaheim, CA",Msa,CA,2018-04-30,22020
753899,2,"Los Angeles-Long Beach-Anaheim, CA",Msa,CA,2018-05-31,23842
753899,2,"Los Angeles-Long Beach-Anaheim, CA",Msa,CA,2018-06-30,24827
753899,2,"Los Angeles-Long Beach-Anaheim, CA",Msa,CA,2018-07-31,26280
753899,2,"Los Angeles-Long Beach-Anaheim, CA",Msa,CA,2018-08-31,26490
753899,2,"Los Angeles-Long Beach-Anaheim, CA",Msa,CA,2018-09-30,26045
753899,2,"Los Angeles-Long Beach-Anaheim, CA",Msa,CA,2018-10-31,26574
753899,2,"Los Angeles-Long Beach-Anaheim, CA",Msa,CA,2018-11-30,24817
753899,2,"Los Angeles-Long Beach-Anaheim, CA",Msa,CA,2018-12-31,21189
753899,2,"Los Angeles-Long Beach-Anaheim, CA",Msa,CA,2019-01-31,21962
753899,2,"Los Angeles-Long Beach-Anaheim, CA",Msa,CA,2019-02-28,22271
753899,2,"Los Angeles-Long Beach-Anaheim, CA",Msa,CA,2019-03-31,24064
753899,2,"Los Angeles-Long Beach-Anaheim, CA",Msa,CA,2019-04-30,24962
753899,2,"Los Angeles-Long Beach-Anaheim, CA",Msa,CA,2019-05-31,26310
753899,2,"Los Angeles-Long Beach-Anaheim, CA",Msa,CA,2019-06-30,26398
753899,2,"Los Angeles-Long Beach-Anaheim, CA",Msa,CA,2019-07-31,26701
753899,2,"Los Angeles-Long Beach-Anaheim, CA",Msa,CA,2019-08-31,25885
753899,2,"Los Angeles-Long Beach-Anaheim, CA",Msa,CA,2019-09-30,25116
753899,2,"Los Angeles-Long Beach-Anaheim, CA",Msa,CA,2019-10-31,24455
753899,2,"Los Angeles-Long Beach-Anaheim, CA",Msa,CA,2019-11-30,21119
753899,2,"Los Angeles-Long Beach-Anaheim, CA",Msa,CA,2019-12-31,17252
753899,2,"Los Angeles-Long Beach-Anaheim, CA",Msa,CA,2020-01-31,17808
753899,2,"Los Angeles-Long Beach-Anaheim, CA",Msa,CA,2020-02-29,18980
753899,2,"Los Angeles-Long Beach-Anaheim, CA",Msa,CA,2020-03-31,18985
753899,2,"Los Angeles-Long Beach-Anaheim, CA",Msa,CA,2020-04-30,17074
753899,2,"Los Angeles-Long Beach-Anaheim, CA",Msa,CA,2020-05-31,19701
753899,2,"Los Angeles-Long Beach-Anaheim, CA",Msa,CA,2020-06-30,20925
753899,2,"Los Angeles-Long Beach-Anaheim, CA",Msa,CA,2020-07-31,21494
753899,2,"Los Angeles-Long Beach-Anaheim, CA",Msa,CA,2020-08-31,21278
753899,2,"Los Angeles-Long Beach-Anaheim, CA",Msa,CA,2020-09-30,21052
753899,2,"Los Angeles-Long Beach-Anaheim, CA",Msa,CA,2020-10-31,20591
753899,2,"Los Angeles-Long Beach-Anaheim, CA",Msa,CA,2020-11-30,17753
753899,2,"Los Angeles-Long Beach-Anaheim, CA",Msa,CA,2020-12-31,14271
394463,3,"Chicago, IL",Msa,IL,2017-11-30,33715
394463,3,"Chicago, IL",Msa,IL,2017-12-31,28555
394463,3,"Chicago, IL",Msa,IL,2018-01-31,28032
394463,3,"Chicago, IL",Msa,IL,2018-02-28,29566
394463,3,"Chicago, IL",Msa,IL,2018-03-31,34547
394463,3,"Chicago, IL",Msa,IL,2018-04-30,36634
394463,3,"Chicago, IL",Msa,IL,2018-05-31,38735
394463,3,"Chicago, IL",Msa,IL,2018-06-30,40464
394463,3,"Chicago, IL",Msa,IL,2018-07-31,41443
394463,3,"Chicago, IL",Msa,IL,2018-08-31,41286
394463,3,"Chicago, IL",Msa,IL,2018-09-30,40106
394463,3,"Chicago, IL",Msa,IL,2018-10-31,39593
394463,3,"Chicago, IL",Msa,IL,2018-11-30,35270
394463,3,"Chicago, IL",Msa,IL,2018-12-31,30007
394463,3,"Chicago, IL",Msa,IL,2019-01-31,29540
394463,3,"Chicago, IL",Msa,IL,2019-02-28,31059
394463,3,"Chicago, IL",Msa,IL,2019-03-31,35614
394463,3,"Chicago, IL",Msa,IL,2019-04-30,38630
394463,3,"Chicago, IL",Msa,IL,2019-05-31,40926
394463,3,"Chicago, IL",Msa,IL,2019-06-30,42377
394463,3,"Chicago, IL",Msa,IL,2019-07-31,42666
394463,3,"Chicago, IL",Msa,IL,2019-08-31,42742
394463,3,"Chicago, IL",Msa,IL,2019-09-30,42045
394463,3,"Chicago, IL",Msa,IL,2019-10-31,40557
394463,3,"Chicago, IL",Msa,IL,2019-11-30,35837
394463,3,"Chicago, IL",Msa,IL,2019-12-31,30693
394463,3,"Chicago, IL",Msa,IL,2020-01-31,30566
394463,3,"Chicago, IL",Msa,IL,2020-02-29,32542
394463,3,"Chicago, IL",Msa,IL,2020-03-31,33855
394463,3,"Chicago, IL",Msa,IL,2020-04-30,30033
394463,3,"Chicago, IL",Msa,IL,2020-05-31,32778
394463,3,"Chicago, IL",Msa,IL,2020-06-30,33901
394463,3,"Chicago, IL",Msa,IL,2020-07-31,33207
394463,3,"Chicago, IL",Msa,IL,2020-08-31,31579
394463,3,"Chicago, IL",Msa,IL,2020-09-30,29535
394463,3,"Chicago, IL",Msa,IL,2020-10-31,28479
394463,3,"Chicago, IL",Msa,IL,2020-11-30,24118
394463,3,"Chicago, IL",Msa,IL,2020-12-31,19863
394514,4,"Dallas-Fort Worth, TX",Msa,TX,2017-11-30,25471
394514,4,"Dallas-Fort Worth, TX",Msa,TX,2017-12-31,22174
394514,4,"Dallas-Fort Worth, TX",Msa,TX,2018-01-31,21745
394514,4,"Dallas-Fort Worth, TX",Msa,TX,2018-02-28,22296
394514,4,"Dallas-Fort Worth, TX",Msa,TX,2018-03-31,25476
394514,4,"Dallas-Fort Worth, TX",Msa,TX,2018-04-30,28755
394514,4,"Dallas-Fort Worth, TX",Msa,TX,2018-05-31,30426
394514,4,"Dallas-Fort Worth, TX",Msa,TX,2018-06-30,32498
394514,4,"Dallas-Fort Worth, TX",Msa,TX,2018-07-31,34419
394514,4,"Dallas-Fort Worth, TX",Msa,TX,2018-08-31,33827
394514,4,"Dallas-Fort Worth, TX",Msa,TX,2018-09-30,32592
394514,4,"Dallas-Fort Worth, TX",Msa,TX,2018-10-31,31855
394514,4,"Dallas-Fort Worth, TX",Msa,TX,2018-11-30,30172
394514,4,"Dallas-Fort Worth, TX",Msa,TX,2018-12-31,26829
394514,4,"Dallas-Fort Worth, TX",Msa,TX,2019-01-31,27462
394514,4,"Dallas-Fort Worth, TX",Msa,TX,2019-02-28,28060
394514,4,"Dallas-Fort Worth, TX",Msa,TX,2019-03-31,31153
394514,4,"Dallas-Fort Worth, TX",Msa,TX,2019-04-30,32994
394514,4,"Dallas-Fort Worth, TX",Msa,TX,2019-05-31,35067
394514,4,"Dallas-Fort Worth, TX",Msa,TX,2019-06-30,38256
394514,4,"Dallas-Fort Worth, TX",Msa,TX,2019-07-31,39104
394514,4,"Dallas-Fort Worth, TX",Msa,TX,2019-08-31,38153
394514,4,"Dallas-Fort Worth, TX",Msa,TX,2019-09-30,36480
394514,4,"Dallas-Fort Worth, TX",Msa,TX,2019-10-31,35636
394514,4,"Dallas-Fort Worth, TX",Msa,TX,2019-11-30,33003
394514,4,"Dallas-Fort Worth, TX",Msa,TX,2019-12-31,29480
394514,4,"Dallas-Fort Worth, TX",Msa,TX,2020-01-31,29334
394514,4,"Dallas-Fort Worth, TX",Msa,TX,2020-02-29,30367
394514,4,"Dallas-Fort Worth, TX",Msa,TX,2020-03-31,31472
394514,4,"Dallas-Fort Worth, TX",Msa,TX,2020-04-30,29759
394514,4,"Dallas-Fort Worth, TX",Msa,TX,2020-05-31,33233
394514,4,"Dallas-Fort Worth, TX",Msa,TX,2020-06-30,32898
394514,4,"Dallas-Fort Worth, TX",Msa,TX,2020-07-31,32037
394514,4,"Dallas-Fort Worth, TX",Msa,TX,2020-08-31,29540
394514,4,"Dallas-Fort Worth, TX",Msa,TX,2020-09-30,26787
394514,4,"Dallas-Fort Worth, TX",Msa,TX,2020-10-31,25277
394514,4,"Dallas-Fort Worth, TX",Msa,TX,2020-11-30,22003
394514,4,"Dallas-Fort Worth, TX",Msa,TX,2020-12-31,18644
394974,5,"Philadelphia, PA",Msa,PA,2017-11-30,28166
394974,5,"Philadelphia, PA",Msa,PA,2017-12-31,23834
394974,5,"Philadelphia, PA",Msa,PA,2018-01-31,23352
394974,5,"Philadelphia, PA",Msa,PA,2018-02-28,24487
394974,5,"Philadelphia, PA",Msa,PA,2018-03-31,26925
394974,5,"Philadelphia, PA",Msa,PA,2018-04-30,29857
394974,5,"Philadelphia, PA",Msa,PA,2018-05-31,30842
394974,5,"Philadelphia, PA",Msa,PA,2018-06-30,29710
394974,5,"Philadelphia, PA",Msa,PA,2018-07-31,28704
394974,5,"Philadelphia, PA",Msa,PA,2018-08-31,28499
394974,5,"Philadelphia, PA",Msa,PA,2018-09-30,28026
394974,5,"Philadelphia, PA",Msa,PA,2018-10-31,28662
394974,5,"Philadelphia, PA",Msa,PA,2018-11-30,26938
394974,5,"Philadelphia, PA",Msa,PA,2018-12-31,23557
394974,5,"Philadelphia, PA",Msa,PA,2019-01-31,23634
394974,5,"Philadelphia, PA",Msa,PA,2019-02-28,23611
394974,5,"Philadelphia, PA",Msa,PA,2019-03-31,26428
394974,5,"Philadelphia, PA",Msa,PA,2019-04-30,28785
394974,5,"Philadelphia, PA",Msa,PA,2019-05-31,29600
394974,5,"Philadelphia, PA",Msa,PA,2019-06-30,29963
394974,5,"Philadelphia, PA",Msa,PA,2019-07-31,30654
394974,5,"Philadelphia, PA",Msa,PA,2019-08-31,28315
394974,5,"Philadelphia, PA",Msa,PA,2019-09-30,27989
394974,5,"Philadelphia, PA",Msa,PA,2019-10-31,27883
394974,5,"Philadelphia, PA",Msa,PA,2019-11-30,24797
394974,5,"Philadelphia, PA",Msa,PA,2019-12-31,21546
394974,5,"Philadelphia, PA",Msa,PA,2020-01-31,21165
394974,5,"Philadelphia, PA",Msa,PA,2020-02-29,21433
394974,5,"Philadelphia, PA",Msa,PA,2020-03-31,21645
394974,5,"Philadelphia, PA",Msa,PA,2020-04-30,17665
394974,5,"Philadelphia, PA",Msa,PA,2020-05-31,20449
394974,5,"Philadelphia, PA",Msa,PA,2020-06-30,22035
394974,5,"Philadelphia, PA",Msa,PA,2020-07-31,21465
394974,5,"Philadelphia, PA",Msa,PA,2020-08-31,20205
394974,5,"Philadelphia, PA",Msa,PA,2020-09-30,19406
394974,5,"Philadelphia, PA",Msa,PA,2020-10-31,19068
394974,5,"Philadelphia, PA",Msa,PA,2020-11-30,16433
394974,5,"Philadelphia, PA",Msa,PA,2020-12-31,13635
394692,6,"Houston, TX",Msa,TX,2017-11-30,30739
394692,6,"Houston, TX",Msa,TX,2017-12-31,28125
394692,6,"Houston, TX",Msa,TX,2018-01-31,28650
394692,6,"Houston, TX",Msa,TX,2018-02-28,28418
394692,6,"Houston, TX",Msa,TX,2018-03-31,32399
394692,6,"Houston, TX",Msa,TX,2018-04-30,34182
394692,6,"Houston, TX",Msa,TX,2018-05-31,36045
394692,6,"Houston, TX",Msa,TX,2018-06-30,37007
394692,6,"Houston, TX",Msa,TX,2018-07-31,37746
394692,6,"Houston, TX",Msa,TX,2018-08-31,37226
394692,6,"Houston, TX",Msa,TX,2018-09-30,34993
394692,6,"Houston, TX",Msa,TX,2018-10-31,34959
394692,6,"Houston, TX",Msa,TX,2018-11-30,33093
394692,6,"Houston, TX",Msa,TX,2018-12-31,30636
394692,6,"Houston, TX",Msa,TX,2019-01-31,32211
394692,6,"Houston, TX",Msa,TX,2019-02-28,32188
394692,6,"Houston, TX",Msa,TX,2019-03-31,34764
394692,6,"Houston, TX",Msa,TX,2019-04-30,36342
394692,6,"Houston, TX",Msa,TX,2019-05-31,37856
394692,6,"Houston, TX",Msa,TX,2019-06-30,40839
394692,6,"Houston, TX",Msa,TX,2019-07-31,41451
394692,6,"Houston, TX",Msa,TX,2019-08-31,40723
394692,6,"Houston, TX",Msa,TX,2019-09-30,38579
394692,6,"Houston, TX",Msa,TX,2019-10-31,37840
394692,6,"Houston, TX",Msa,TX,2019-11-30,35670
394692,6,"Houston, TX",Msa,TX,2019-12-31,33394
394692,6,"Houston, TX",Msa,TX,2020-01-31,34397
394692,6,"Houston, TX",Msa,TX,2020-02-29,35139
394692,6,"Houston, TX",Msa,TX,2020-03-31,36231
394692,6,"Houston, TX",Msa,TX,2020-04-30,34626
394692,6,"Houston, TX",Msa,TX,2020-05-31,36858
394692,6,"Houston, TX",Msa,TX,2020-06-30,35641
394692,6,"Houston, TX",Msa,TX,2020-07-31,34587
394692,6,"Houston, TX",Msa,TX,2020-08-31,32286
394692,6,"Houston, TX",Msa,TX,2020-09-30,30323
394692,6,"Houston, TX",Msa,TX,2020-10-31,29889
394692,6,"Houston, TX",Msa,TX,2020-11-30,26984
394692,6,"Houston, TX",Msa,TX,2020-12-31,24826
395209,7,"Washington, DC",Msa,DC,2017-11-30,23204
395209,7,"Washington, DC",Msa,DC,2017-12-31,19733
395209,7,"Washington, DC",Msa,DC,2018-01-31,18483
395209,7,"Washington, DC",Msa,DC,2018-02-28,19466
395209,7,"Washington, DC",Msa,DC,2018-03-31,24050
395209,7,"Washington, DC",Msa,DC,2018-04-30,28306
395209,7,"Washington, DC",Msa,DC,2018-05-31,28177
395209,7,"Washington, DC",Msa,DC,2018-06-30,23963
395209,7,"Washington, DC",Msa,DC,2018-07-31,23632
395209,7,"Washington, DC",Msa,DC,2018-08-31,23370
395209,7,"Washington, DC",Msa,DC,2018-09-30,23350
395209,7,"Washington, DC",Msa,DC,2018-10-31,23923
395209,7,"Washington, DC",Msa,DC,2018-11-30,21179
395209,7,"Washington, DC",Msa,DC,2018-12-31,16880
395209,7,"Washington, DC",Msa,DC,2019-01-31,15934
395209,7,"Washington, DC",Msa,DC,2019-02-28,16474
395209,7,"Washington, DC",Msa,DC,2019-03-31,20142
395209,7,"Washington, DC",Msa,DC,2019-04-30,23052
395209,7,"Washington, DC",Msa,DC,2019-05-31,25021
395209,7,"Washington, DC",Msa,DC,2019-06-30,25179
395209,7,"Washington, DC",Msa,DC,2019-07-31,24341
395209,7,"Washington, DC",Msa,DC,2019-08-31,22823
395209,7,"Washington, DC",Msa,DC,2019-09-30,23210
395209,7,"Washington, DC",Msa,DC,2019-10-31,22906
395209,7,"Washington, DC",Msa,DC,2019-11-30,19591
395209,7,"Washington, DC",Msa,DC,2019-12-31,15761
395209,7,"Washington, DC",Msa,DC,2020-01-31,15994
395209,7,"Washington, DC",Msa,DC,2020-02-29,16679
395209,7,"Washington, DC",Msa,DC,2020-03-31,19038
395209,7,"Washington, DC",Msa,DC,2020-04-30,17354
395209,7,"Washington, DC",Msa,DC,2020-05-31,18516
395209,7,"Washington, DC",Msa,DC,2020-06-30,17815
395209,7,"Washington, DC",Msa,DC,2020-07-31,17912
395209,7,"Washington, DC",Msa,DC,2020-08-31,16855
395209,7,"Washington, DC",Msa,DC,2020-09-30,16649
395209,7,"Washington, DC",Msa,DC,2020-10-31,16157
395209,7,"Washington, DC",Msa,DC,2020-11-30,13191
395209,7,"Washington, DC",Msa,DC,2020-12-31,10131
394856,8,"Miami-Fort Lauderdale, FL",Msa,FL,2017-11-30,26261
394856,8,"Miami-Fort Lauderdale, FL",Msa,FL,2017-12-31,25552
394856,8,"Miami-Fort Lauderdale, FL",Msa,FL,2018-01-31,27712
394856,8,"Miami-Fort Lauderdale, FL",Msa,FL,2018-02-28,28276
394856,8,"Miami-Fort Lauderdale, FL",Msa,FL,2018-03-31,29817
394856,8,"Miami-Fort Lauderdale, FL",Msa,FL,2018-04-30,29698
394856,8,"Miami-Fort Lauderdale, FL",Msa,FL,2018-05-31,29276
394856,8,"Miami-Fort Lauderdale, FL",Msa,FL,2018-06-30,28743
394856,8,"Miami-Fort Lauderdale, FL",Msa,FL,2018-07-31,28592
394856,8,"Miami-Fort Lauderdale, FL",Msa,FL,2018-08-31,28509
394856,8,"Miami-Fort Lauderdale, FL",Msa,FL,2018-09-30,28240
394856,8,"Miami-Fort Lauderdale, FL",Msa,FL,2018-10-31,29499
394856,8,"Miami-Fort Lauderdale, FL",Msa,FL,2018-11-30,29311
394856,8,"Miami-Fort Lauderdale, FL",Msa,FL,2018-12-31,28592
394856,8,"Miami-Fort Lauderdale, FL",Msa,FL,2019-01-31,31274
394856,8,"Miami-Fort Lauderdale, FL",Msa,FL,2019-02-28,32128
394856,8,"Miami-Fort Lauderdale, FL",Msa,FL,2019-03-31,32952
394856,8,"Miami-Fort Lauderdale, FL",Msa,FL,2019-04-30,32397
394856,8,"Miami-Fort Lauderdale, FL",Msa,FL,2019-05-31,31865
394856,8,"Miami-Fort Lauderdale, FL",Msa,FL,2019-06-30,31094
394856,8,"Miami-Fort Lauderdale, FL",Msa,FL,2019-07-31,30561
394856,8,"Miami-Fort Lauderdale, FL",Msa,FL,2019-08-31,29385
394856,8,"Miami-Fort Lauderdale, FL",Msa,FL,2019-09-30,28714
394856,8,"Miami-Fort Lauderdale, FL",Msa,FL,2019-10-31,29432
394856,8,"Miami-Fort Lauderdale, FL",Msa,FL,2019-11-30,28416
394856,8,"Miami-Fort Lauderdale, FL",Msa,FL,2019-12-31,27370
394856,8,"Miami-Fort Lauderdale, FL",Msa,FL,2020-01-31,29228
394856,8,"Miami-Fort Lauderdale, FL",Msa,FL,2020-02-29,29238
394856,8,"Miami-Fort Lauderdale, FL",Msa,FL,2020-03-31,29128
394856,8,"Miami-Fort Lauderdale, FL",Msa,FL,2020-04-30,26488
394856,8,"Miami-Fort Lauderdale, FL",Msa,FL,2020-05-31,27691
394856,8,"Miami-Fort Lauderdale, FL",Msa,FL,2020-06-30,27298
394856,8,"Miami-Fort Lauderdale, FL",Msa,FL,2020-07-31,25774
394856,8,"Miami-Fort Lauderdale, FL",Msa,FL,2020-08-31,24151
394856,8,"Miami-Fort Lauderdale, FL",Msa,FL,2020-09-30,23280
394856,8,"Miami-Fort Lauderdale, FL",Msa,FL,2020-10-31,22904
394856,8,"Miami-Fort Lauderdale, FL",Msa,FL,2020-11-30,21148
394856,8,"Miami-Fort Lauderdale, FL",Msa,FL,2020-12-31,20171
394347,9,"Atlanta, GA",Msa,GA,2017-11-30,29847
394347,9,"Atlanta, GA",Msa,GA,2017-12-31,26144
394347,9,"Atlanta, GA",Msa,GA,2018-01-31,26657
394347,9,"Atlanta, GA",Msa,GA,2018-02-28,26540
394347,9,"Atlanta, GA",Msa,GA,2018-03-31,29273
394347,9,"Atlanta, GA",Msa,GA,2018-04-30,30585
394347,9,"Atlanta, GA",Msa,GA,2018-05-31,31030
394347,9,"Atlanta, GA",Msa,GA,2018-06-30,33100
394347,9,"Atlanta, GA",Msa,GA,2018-07-31,34247
394347,9,"Atlanta, GA",Msa,GA,2018-08-31,33808
394347,9,"Atlanta, GA",Msa,GA,2018-09-30,32805
394347,9,"Atlanta, GA",Msa,GA,2018-10-31,33521
394347,9,"Atlanta, GA",Msa,GA,2018-11-30,31233
394347,9,"Atlanta, GA",Msa,GA,2018-12-31,28561
394347,9,"Atlanta, GA",Msa,GA,2019-01-31,29988
394347,9,"Atlanta, GA",Msa,GA,2019-02-28,33696
394347,9,"Atlanta, GA",Msa,GA,2019-03-31,33524
394347,9,"Atlanta, GA",Msa,GA,2019-04-30,34897
394347,9,"Atlanta, GA",Msa,GA,2019-05-31,36246
394347,9,"Atlanta, GA",Msa,GA,2019-06-30,38253
394347,9,"Atlanta, GA",Msa,GA,2019-07-31,38927
394347,9,"Atlanta, GA",Msa,GA,2019-08-31,38592
394347,9,"Atlanta, GA",Msa,GA,2019-09-30,37914
394347,9,"Atlanta, GA",Msa,GA,2019-10-31,37978
394347,9,"Atlanta, GA",Msa,GA,2019-11-30,34816
394347,9,"Atlanta, GA",Msa,GA,2019-12-31,32096
394347,9,"Atlanta, GA",Msa,GA,2020-01-31,33255
394347,9,"Atlanta, GA",Msa,GA,2020-02-29,33073
394347,9,"Atlanta, GA",Msa,GA,2020-03-31,34934
394347,9,"Atlanta, GA",Msa,GA,2020-04-30,34276
394347,9,"Atlanta, GA",Msa,GA,2020-05-31,36503
394347,9,"Atlanta, GA",Msa,GA,2020-06-30,35063
394347,9,"Atlanta, GA",Msa,GA,2020-07-31,33401
394347,9,"Atlanta, GA",Msa,GA,2020-08-31,31681
394347,9,"Atlanta, GA",Msa,GA,2020-09-30,29084
394347,9,"Atlanta, GA",Msa,GA,2020-10-31,28273
394347,9,"Atlanta, GA",Msa,GA,2020-11-30,24876
394347,9,"Atlanta, GA",Msa,GA,2020-12-31,21807
394404,10,"Boston, MA",Msa,MA,2017-11-30,9132
394404,10,"Boston, MA",Msa,MA,2017-12-31,6962
394404,10,"Boston, MA",Msa,MA,2018-01-31,6358
394404,10,"Boston, MA",Msa,MA,2018-02-28,6735
394404,10,"Boston, MA",Msa,MA,2018-03-31,8026
394404,10,"Boston, MA",Msa,MA,2018-04-30,9897
394404,10,"Boston, MA",Msa,MA,2018-05-31,11897
394404,10,"Boston, MA",Msa,MA,2018-06-30,12358
394404,10,"Boston, MA",Msa,MA,2018-07-31,12307
394404,10,"Boston, MA",Msa,MA,2018-08-31,11963
394404,10,"Boston, MA",Msa,MA,2018-09-30,12727
394404,10,"Boston, MA",Msa,MA,2018-10-31,12801
394404,10,"Boston, MA",Msa,MA,2018-11-30,10859
394404,10,"Boston, MA",Msa,MA,2018-12-31,8316
394404,10,"Boston, MA",Msa,MA,2019-01-31,7916
394404,10,"Boston, MA",Msa,MA,2019-02-28,7988
394404,10,"Boston, MA",Msa,MA,2019-03-31,9676
394404,10,"Boston, MA",Msa,MA,2019-04-30,11110
394404,10,"Boston, MA",Msa,MA,2019-05-31,13189
394404,10,"Boston, MA",Msa,MA,2019-06-30,13428
394404,10,"Boston, MA",Msa,MA,2019-07-31,12238
394404,10,"Boston, MA",Msa,MA,2019-08-31,11442
394404,10,"Boston, MA",Msa,MA,2019-09-30,12192
394404,10,"Boston, MA",Msa,MA,2019-10-31,12026
394404,10,"Boston, MA",Msa,MA,2019-11-30,9773
394404,10,"Boston, MA",Msa,MA,2019-12-31,7104
394404,10,"Boston, MA",Msa,MA,2020-01-31,6443
394404,10,"Boston, MA",Msa,MA,2020-02-29,7223
394404,10,"Boston, MA",Msa,MA,2020-03-31,8370
394404,10,"Boston, MA",Msa,MA,2020-04-30,7304
394404,10,"Boston, MA",Msa,MA,2020-05-31,9118
394404,10,"Boston, MA",Msa,MA,2020-06-30,9832
394404,10,"Boston, MA",Msa,MA,2020-07-31,9130
394404,10,"Boston, MA",Msa,MA,2020-08-31,8649
394404,10,"Boston, MA",Msa,MA,2020-09-30,8646
394404,10,"Boston, MA",Msa,MA,2020-10-31,8119
394404,10,"Boston, MA",Msa,MA,2020-11-30,6322
394404,10,"Boston, MA",Msa,MA,2020-12-31,4359
395057,11,"San Francisco, CA",Msa,CA,2017-11-30,4632
395057,11,"San Francisco, CA",Msa,CA,2017-12-31,2962
395057,11,"San Francisco, CA",Msa,CA,2018-01-31,3181
395057,11,"San Francisco, CA",Msa,CA,2018-02-28,4110
395057,11,"San Francisco, CA",Msa,CA,2018-03-31,5310
395057,11,"San Francisco, CA",Msa,CA,2018-04-30,5923
395057,11,"San Francisco, CA",Msa,CA,2018-05-31,6802
395057,11,"San Francisco, CA",Msa,CA,2018-06-30,6782
395057,11,"San Francisco, CA",Msa,CA,2018-07-31,6708
395057,11,"San Francisco, CA",Msa,CA,2018-08-31,6808
395057,11,"San Francisco, CA",Msa,CA,2018-09-30,7440
395057,11,"San Francisco, CA",Msa,CA,2018-10-31,7701
395057,11,"San Francisco, CA",Msa,CA,2018-11-30,6366
395057,11,"San Francisco, CA",Msa,CA,2018-12-31,4544
395057,11,"San Francisco, CA",Msa,CA,2019-01-31,4487
395057,11,"San Francisco, CA",Msa,CA,2019-02-28,5259
395057,11,"San Francisco, CA",Msa,CA,2019-03-31,6336
395057,11,"San Francisco, CA",Msa,CA,2019-04-30,7153
395057,11,"San Francisco, CA",Msa,CA,2019-05-31,7981
395057,11,"San Francisco, CA",Msa,CA,2019-06-30,7894
395057,11,"San Francisco, CA",Msa,CA,2019-07-31,7628
395057,11,"San Francisco, CA",Msa,CA,2019-08-31,7116
395057,11,"San Francisco, CA",Msa,CA,2019-09-30,7613
395057,11,"San Francisco, CA",Msa,CA,2019-10-31,7328
395057,11,"San Francisco, CA",Msa,CA,2019-11-30,5562
395057,11,"San Francisco, CA",Msa,CA,2019-12-31,3639
395057,11,"San Francisco, CA",Msa,CA,2020-01-31,3616
395057,11,"San Francisco, CA",Msa,CA,2020-02-29,4663
395057,11,"San Francisco, CA",Msa,CA,2020-03-31,4995
395057,11,"San Francisco, CA",Msa,CA,2020-04-30,4235
395057,11,"San Francisco, CA",Msa,CA,2020-05-31,5910
395057,11,"San Francisco, CA",Msa,CA,2020-06-30,6502
395057,11,"San Francisco, CA",Msa,CA,2020-07-31,6663
395057,11,"San Francisco, CA",Msa,CA,2020-08-31,6549
395057,11,"San Francisco, CA",Msa,CA,2020-09-30,6761
395057,11,"San Francisco, CA",Msa,CA,2020-10-31,7044
395057,11,"San Francisco, CA",Msa,CA,2020-11-30,5474
395057,11,"San Francisco, CA",Msa,CA,2020-12-31,3860
394532,12,"Detroit, MI",Msa,MI,2017-11-30,15069
394532,12,"Detroit, MI",Msa,MI,2017-12-31,12822
394532,12,"Detroit, MI",Msa,MI,2018-01-31,12399
394532,12,"Detroit, MI",Msa,MI,2018-02-28,11616
394532,12,"Detroit, MI",Msa,MI,2018-03-31,13261
394532,12,"Detroit, MI",Msa,MI,2018-04-30,14591
394532,12,"Detroit, MI",Msa,MI,2018-05-31,16153
394532,12,"Detroit, MI",Msa,MI,2018-06-30,17584
394532,12,"Detroit, MI",Msa,MI,2018-07-31,18751
394532,12,"Detroit, MI",Msa,MI,2018-08-31,19727
394532,12,"Detroit, MI",Msa,MI,2018-09-30,19254
394532,12,"Detroit, MI",Msa,MI,2018-10-31,19244
394532,12,"Detroit, MI",Msa,MI,2018-11-30,17485
394532,12,"Detroit, MI",Msa,MI,2018-12-31,15180
394532,12,"Detroit, MI",Msa,MI,2019-01-31,14977
394532,12,"Detroit, MI",Msa,MI,2019-02-28,14048
394532,12,"Detroit, MI",Msa,MI,2019-03-31,15112
394532,12,"Detroit, MI",Msa,MI,2019-04-30,16297
394532,12,"Detroit, MI",Msa,MI,2019-05-31,18070
394532,12,"Detroit, MI",Msa,MI,2019-06-30,19546
394532,12,"Detroit, MI",Msa,MI,2019-07-31,20595
394532,12,"Detroit, MI",Msa,MI,2019-08-31,21161
394532,12,"Detroit, MI",Msa,MI,2019-09-30,20799
394532,12,"Detroit, MI",Msa,MI,2019-10-31,20393
394532,12,"Detroit, MI",Msa,MI,2019-11-30,18000
394532,12,"Detroit, MI",Msa,MI,2019-12-31,15640
394532,12,"Detroit, MI",Msa,MI,2020-01-31,15194
394532,12,"Detroit, MI",Msa,MI,2020-02-29,14602
394532,12,"Detroit, MI",Msa,MI,2020-03-31,14333
394532,12,"Detroit, MI",Msa,MI,2020-04-30,11301
394532,12,"Detroit, MI",Msa,MI,2020-05-31,15674
394532,12,"Detroit, MI",Msa,MI,2020-06-30,15940
394532,12,"Detroit, MI",Msa,MI,2020-07-31,15646
394532,12,"Detroit, MI",Msa,MI,2020-08-31,15321
394532,12,"Detroit, MI",Msa,MI,2020-09-30,14412
394532,12,"Detroit, MI",Msa,MI,2020-10-31,13939
394532,12,"Detroit, MI",Msa,MI,2020-11-30,11755
394532,12,"Detroit, MI",Msa,MI,2020-12-31,9857
395025,13,"Riverside, CA",Msa,CA,2017-11-30,16527
395025,13,"Riverside, CA",Msa,CA,2017-12-31,14957
395025,13,"Riverside, CA",Msa,CA,2018-01-31,15758
395025,13,"Riverside, CA",Msa,CA,2018-02-28,16738
395025,13,"Riverside, CA",Msa,CA,2018-03-31,17713
395025,13,"Riverside, CA",Msa,CA,2018-04-30,18273
395025,13,"Riverside, CA",Msa,CA,2018-05-31,19284
395025,13,"Riverside, CA",Msa,CA,2018-06-30,19834
395025,13,"Riverside, CA",Msa,CA,2018-07-31,20490
395025,13,"Riverside, CA",Msa,CA,2018-08-31,20542
395025,13,"Riverside, CA",Msa,CA,2018-09-30,20296
395025,13,"Riverside, CA",Msa,CA,2018-10-31,20773
395025,13,"Riverside, CA",Msa,CA,2018-11-30,20047
395025,13,"Riverside, CA",Msa,CA,2018-12-31,18211
395025,13,"Riverside, CA",Msa,CA,2019-01-31,19006
395025,13,"Riverside, CA",Msa,CA,2019-02-28,18628
395025,13,"Riverside, CA",Msa,CA,2019-03-31,19650
395025,13,"Riverside, CA",Msa,CA,2019-04-30,19858
395025,13,"Riverside, CA",Msa,CA,2019-05-31,19841
395025,13,"Riverside, CA",Msa,CA,2019-06-30,20021
395025,13,"Riverside, CA",Msa,CA,2019-07-31,20161
395025,13,"Riverside, CA",Msa,CA,2019-08-31,20053
395025,13,"Riverside, CA",Msa,CA,2019-09-30,19419
395025,13,"Riverside, CA",Msa,CA,2019-10-31,19538
395025,13,"Riverside, CA",Msa,CA,2019-11-30,17922
395025,13,"Riverside, CA",Msa,CA,2019-12-31,15996
395025,13,"Riverside, CA",Msa,CA,2020-01-31,16516
395025,13,"Riverside, CA",Msa,CA,2020-02-29,16228
395025,13,"Riverside, CA",Msa,CA,2020-03-31,15724
395025,13,"Riverside, CA",Msa,CA,2020-04-30,14258
395025,13,"Riverside, CA",Msa,CA,2020-05-31,15115
395025,13,"Riverside, CA",Msa,CA,2020-06-30,14252
395025,13,"Riverside, CA",Msa,CA,2020-07-31,13217
395025,13,"Riverside, CA",Msa,CA,2020-08-31,12695
395025,13,"Riverside, CA",Msa,CA,2020-09-30,12325
395025,13,"Riverside, CA",Msa,CA,2020-10-31,12579
395025,13,"Riverside, CA",Msa,CA,2020-11-30,10899
395025,13,"Riverside, CA",Msa,CA,2020-12-31,9241
394976,14,"Phoenix, AZ",Msa,AZ,2017-11-30,25478
394976,14,"Phoenix, AZ",Msa,AZ,2017-12-31,23245
394976,14,"Phoenix, AZ",Msa,AZ,2018-01-31,25027
394976,14,"Phoenix, AZ",Msa,AZ,2018-02-28,26017
394976,14,"Phoenix, AZ",Msa,AZ,2018-03-31,27757
394976,14,"Phoenix, AZ",Msa,AZ,2018-04-30,27951
394976,14,"Phoenix, AZ",Msa,AZ,2018-05-31,27199
394976,14,"Phoenix, AZ",Msa,AZ,2018-06-30,26061
394976,14,"Phoenix, AZ",Msa,AZ,2018-07-31,24410
394976,14,"Phoenix, AZ",Msa,AZ,2018-08-31,24303
394976,14,"Phoenix, AZ",Msa,AZ,2018-09-30,23954
394976,14,"Phoenix, AZ",Msa,AZ,2018-10-31,25091
394976,14,"Phoenix, AZ",Msa,AZ,2018-11-30,24818
394976,14,"Phoenix, AZ",Msa,AZ,2018-12-31,23114
394976,14,"Phoenix, AZ",Msa,AZ,2019-01-31,26058
394976,14,"Phoenix, AZ",Msa,AZ,2019-02-28,26939
394976,14,"Phoenix, AZ",Msa,AZ,2019-03-31,29023
394976,14,"Phoenix, AZ",Msa,AZ,2019-04-30,29006
394976,14,"Phoenix, AZ",Msa,AZ,2019-05-31,28373
394976,14,"Phoenix, AZ",Msa,AZ,2019-06-30,26867
394976,14,"Phoenix, AZ",Msa,AZ,2019-07-31,24617
394976,14,"Phoenix, AZ",Msa,AZ,2019-08-31,23606
394976,14,"Phoenix, AZ",Msa,AZ,2019-09-30,22726
394976,14,"Phoenix, AZ",Msa,AZ,2019-10-31,23486
394976,14,"Phoenix, AZ",Msa,AZ,2019-11-30,22023
394976,14,"Phoenix, AZ",Msa,AZ,2019-12-31,19816
394976,14,"Phoenix, AZ",Msa,AZ,2020-01-31,21255
394976,14,"Phoenix, AZ",Msa,AZ,2020-02-29,21535
394976,14,"Phoenix, AZ",Msa,AZ,2020-03-31,22869
394976,14,"Phoenix, AZ",Msa,AZ,2020-04-30,21790
394976,14,"Phoenix, AZ",Msa,AZ,2020-05-31,22073
394976,14,"Phoenix, AZ",Msa,AZ,2020-06-30,20682
394976,14,"Phoenix, AZ",Msa,AZ,2020-07-31,19439
394976,14,"Phoenix, AZ",Msa,AZ,2020-08-31,19185
394976,14,"Phoenix, AZ",Msa,AZ,2020-09-30,19669
394976,14,"Phoenix, AZ",Msa,AZ,2020-10-31,20549
394976,14,"Phoenix, AZ",Msa,AZ,2020-11-30,18472
394976,14,"Phoenix, AZ",Msa,AZ,2020-12-31,15897
395078,15,"Seattle, WA",Msa,WA,2017-11-30,8275
395078,15,"Seattle, WA",Msa,WA,2017-12-31,5986
395078,15,"Seattle, WA",Msa,WA,2018-01-31,5900
395078,15,"Seattle, WA",Msa,WA,2018-02-28,5811
395078,15,"Seattle, WA",Msa,WA,2018-03-31,7495
395078,15,"Seattle, WA",Msa,WA,2018-04-30,8553
395078,15,"Seattle, WA",Msa,WA,2018-05-31,10970
395078,15,"Seattle, WA",Msa,WA,2018-06-30,11895
395078,15,"Seattle, WA",Msa,WA,2018-07-31,12428
395078,15,"Seattle, WA",Msa,WA,2018-08-31,12935
395078,15,"Seattle, WA",Msa,WA,2018-09-30,13324
395078,15,"Seattle, WA",Msa,WA,2018-10-31,12855
395078,15,"Seattle, WA",Msa,WA,2018-11-30,10897
395078,15,"Seattle, WA",Msa,WA,2018-12-31,8199
395078,15,"Seattle, WA",Msa,WA,2019-01-31,8256
395078,15,"Seattle, WA",Msa,WA,2019-02-28,7598
395078,15,"Seattle, WA",Msa,WA,2019-03-31,9636
395078,15,"Seattle, WA",Msa,WA,2019-04-30,10422
395078,15,"Seattle, WA",Msa,WA,2019-05-31,13050
395078,15,"Seattle, WA",Msa,WA,2019-06-30,13701
395078,15,"Seattle, WA",Msa,WA,2019-07-31,13088
395078,15,"Seattle, WA",Msa,WA,2019-08-31,12514
395078,15,"Seattle, WA",Msa,WA,2019-09-30,11967
395078,15,"Seattle, WA",Msa,WA,2019-10-31,10741
395078,15,"Seattle, WA",Msa,WA,2019-11-30,8240
395078,15,"Seattle, WA",Msa,WA,2019-12-31,5843
395078,15,"Seattle, WA",Msa,WA,2020-01-31,5856
395078,15,"Seattle, WA",Msa,WA,2020-02-29,6356
395078,15,"Seattle, WA",Msa,WA,2020-03-31,7758
395078,15,"Seattle, WA",Msa,WA,2020-04-30,7629
395078,15,"Seattle, WA",Msa,WA,2020-05-31,8858
395078,15,"Seattle, WA",Msa,WA,2020-06-30,9093
395078,15,"Seattle, WA",Msa,WA,2020-07-31,9738
395078,15,"Seattle, WA",Msa,WA,2020-08-31,10149
395078,15,"Seattle, WA",Msa,WA,2020-09-30,9595
395078,15,"Seattle, WA",Msa,WA,2020-10-31,9096
395078,15,"Seattle, WA",Msa,WA,2020-11-30,6759
395078,15,"Seattle, WA",Msa,WA,2020-12-31,5008
394865,16,"Minneapolis-St Paul, MN",Msa,MN,2017-11-30,11627
394865,16,"Minneapolis-St Paul, MN",Msa,MN,2017-12-31,8925
394865,16,"Minneapolis-St Paul, MN",Msa,MN,2018-01-31,8543
394865,16,"Minneapolis-St Paul, MN",Msa,MN,2018-02-28,9351
394865,16,"Minneapolis-St Paul, MN",Msa,MN,2018-03-31,11159
394865,16,"Minneapolis-St Paul, MN",Msa,MN,2018-04-30,12465
394865,16,"Minneapolis-St Paul, MN",Msa,MN,2018-05-31,14469
394865,16,"Minneapolis-St Paul, MN",Msa,MN,2018-06-30,15533
394865,16,"Minneapolis-St Paul, MN",Msa,MN,2018-07-31,15641
394865,16,"Minneapolis-St Paul, MN",Msa,MN,2018-08-31,15946
394865,16,"Minneapolis-St Paul, MN",Msa,MN,2018-09-30,15478
394865,16,"Minneapolis-St Paul, MN",Msa,MN,2018-10-31,14755
394865,16,"Minneapolis-St Paul, MN",Msa,MN,2018-11-30,12465
394865,16,"Minneapolis-St Paul, MN",Msa,MN,2018-12-31,9761
394865,16,"Minneapolis-St Paul, MN",Msa,MN,2019-01-31,9230
394865,16,"Minneapolis-St Paul, MN",Msa,MN,2019-02-28,9249
394865,16,"Minneapolis-St Paul, MN",Msa,MN,2019-03-31,10653
394865,16,"Minneapolis-St Paul, MN",Msa,MN,2019-04-30,12503
394865,16,"Minneapolis-St Paul, MN",Msa,MN,2019-05-31,14843
394865,16,"Minneapolis-St Paul, MN",Msa,MN,2019-06-30,16417
394865,16,"Minneapolis-St Paul, MN",Msa,MN,2019-07-31,16215
394865,16,"Minneapolis-St Paul, MN",Msa,MN,2019-08-31,16198
394865,16,"Minneapolis-St Paul, MN",Msa,MN,2019-09-30,15971
394865,16,"Minneapolis-St Paul, MN",Msa,MN,2019-10-31,15307
394865,16,"Minneapolis-St Paul, MN",Msa,MN,2019-11-30,12938
394865,16,"Minneapolis-St Paul, MN",Msa,MN,2019-12-31,10228
394865,16,"Minneapolis-St Paul, MN",Msa,MN,2020-01-31,9602
394865,16,"Minneapolis-St Paul, MN",Msa,MN,2020-02-29,10362
394865,16,"Minneapolis-St Paul, MN",Msa,MN,2020-03-31,12269
394865,16,"Minneapolis-St Paul, MN",Msa,MN,2020-04-30,11916
394865,16,"Minneapolis-St Paul, MN",Msa,MN,2020-05-31,13446
394865,16,"Minneapolis-St Paul, MN",Msa,MN,2020-06-30,13473
394865,16,"Minneapolis-St Paul, MN",Msa,MN,2020-07-31,13494
394865,16,"Minneapolis-St Paul, MN",Msa,MN,2020-08-31,13395
394865,16,"Minneapolis-St Paul, MN",Msa,MN,2020-09-30,12989
394865,16,"Minneapolis-St Paul, MN",Msa,MN,2020-10-31,12411
394865,16,"Minneapolis-St Paul, MN",Msa,MN,2020-11-30,9640
394865,16,"Minneapolis-St Paul, MN",Msa,MN,2020-12-31,7376
395056,17,"San Diego, CA",Msa,CA,2017-11-30,5843
395056,17,"San Diego, CA",Msa,CA,2017-12-31,4858
395056,17,"San Diego, CA",Msa,CA,2018-01-31,5239
395056,17,"San Diego, CA",Msa,CA,2018-02-28,5688
395056,17,"San Diego, CA",Msa,CA,2018-03-31,6610
395056,17,"San Diego, CA",Msa,CA,2018-04-30,7231
395056,17,"San Diego, CA",Msa,CA,2018-05-31,7680
395056,17,"San Diego, CA",Msa,CA,2018-06-30,7878
395056,17,"San Diego, CA",Msa,CA,2018-07-31,8399
395056,17,"San Diego, CA",Msa,CA,2018-08-31,8526
395056,17,"San Diego, CA",Msa,CA,2018-09-30,8378
395056,17,"San Diego, CA",Msa,CA,2018-10-31,8516
395056,17,"San Diego, CA",Msa,CA,2018-11-30,7994
395056,17,"San Diego, CA",Msa,CA,2018-12-31,6836
395056,17,"San Diego, CA",Msa,CA,2019-01-31,7094
395056,17,"San Diego, CA",Msa,CA,2019-02-28,6989
395056,17,"San Diego, CA",Msa,CA,2019-03-31,7489
395056,17,"San Diego, CA",Msa,CA,2019-04-30,7729
395056,17,"San Diego, CA",Msa,CA,2019-05-31,8119
395056,17,"San Diego, CA",Msa,CA,2019-06-30,8232
395056,17,"San Diego, CA",Msa,CA,2019-07-31,8375
395056,17,"San Diego, CA",Msa,CA,2019-08-31,8155
395056,17,"San Diego, CA",Msa,CA,2019-09-30,7576
395056,17,"San Diego, CA",Msa,CA,2019-10-31,7256
395056,17,"San Diego, CA",Msa,CA,2019-11-30,6167
395056,17,"San Diego, CA",Msa,CA,2019-12-31,5073
395056,17,"San Diego, CA",Msa,CA,2020-01-31,5349
395056,17,"San Diego, CA",Msa,CA,2020-02-29,5434
395056,17,"San Diego, CA",Msa,CA,2020-03-31,5748
395056,17,"San Diego, CA",Msa,CA,2020-04-30,5309
395056,17,"San Diego, CA",Msa,CA,2020-05-31,5941
395056,17,"San Diego, CA",Msa,CA,2020-06-30,5891
395056,17,"San Diego, CA",Msa,CA,2020-07-31,5913
395056,17,"San Diego, CA",Msa,CA,2020-08-31,5735
395056,17,"San Diego, CA",Msa,CA,2020-09-30,5478
395056,17,"San Diego, CA",Msa,CA,2020-10-31,5566
395056,17,"San Diego, CA",Msa,CA,2020-11-30,4609
395056,17,"San Diego, CA",Msa,CA,2020-12-31,3660
395121,18,"St. Louis, MO",Msa,MO,2017-11-30,13321
395121,18,"St. Louis, MO",Msa,MO,2017-12-31,11673
395121,18,"St. Louis, MO",Msa,MO,2018-01-31,11447
395121,18,"St. Louis, MO",Msa,MO,2018-02-28,11545
395121,18,"St. Louis, MO",Msa,MO,2018-03-31,12907
395121,18,"St. Louis, MO",Msa,MO,2018-04-30,13683
395121,18,"St. Louis, MO",Msa,MO,2018-05-31,14285
395121,18,"St. Louis, MO",Msa,MO,2018-06-30,14803
395121,18,"St. Louis, MO",Msa,MO,2018-07-31,15122
395121,18,"St. Louis, MO",Msa,MO,2018-08-31,15061
395121,18,"St. Louis, MO",Msa,MO,2018-09-30,14378
395121,18,"St. Louis, MO",Msa,MO,2018-10-31,14580
395121,18,"St. Louis, MO",Msa,MO,2018-11-30,13199
395121,18,"St. Louis, MO",Msa,MO,2018-12-31,11429
395121,18,"St. Louis, MO",Msa,MO,2019-01-31,10922
395121,18,"St. Louis, MO",Msa,MO,2019-02-28,10551
395121,18,"St. Louis, MO",Msa,MO,2019-03-31,12095
395121,18,"St. Louis, MO",Msa,MO,2019-04-30,12971
395121,18,"St. Louis, MO",Msa,MO,2019-05-31,13492
395121,18,"St. Louis, MO",Msa,MO,2019-06-30,13850
395121,18,"St. Louis, MO",Msa,MO,2019-07-31,13823
395121,18,"St. Louis, MO",Msa,MO,2019-08-31,13727
395121,18,"St. Louis, MO",Msa,MO,2019-09-30,13749
395121,18,"St. Louis, MO",Msa,MO,2019-10-31,13924
395121,18,"St. Louis, MO",Msa,MO,2019-11-30,12683
395121,18,"St. Louis, MO",Msa,MO,2019-12-31,10953
395121,18,"St. Louis, MO",Msa,MO,2020-01-31,10597
395121,18,"St. Louis, MO",Msa,MO,2020-02-29,10549
395121,18,"St. Louis, MO",Msa,MO,2020-03-31,11640
395121,18,"St. Louis, MO",Msa,MO,2020-04-30,10389
395121,18,"St. Louis, MO",Msa,MO,2020-05-31,10848
395121,18,"St. Louis, MO",Msa,MO,2020-06-30,10782
395121,18,"St. Louis, MO",Msa,MO,2020-07-31,10750
395121,18,"St. Louis, MO",Msa,MO,2020-08-31,10308
395121,18,"St. Louis, MO",Msa,MO,2020-09-30,10473
395121,18,"St. Louis, MO",Msa,MO,2020-10-31,10414
395121,18,"St. Louis, MO",Msa,MO,2020-11-30,8868
395121,18,"St. Louis, MO",Msa,MO,2020-12-31,7646
395148,19,"Tampa, FL",Msa,FL,2017-11-30,15319
395148,19,"Tampa, FL",Msa,FL,2017-12-31,14326
395148,19,"Tampa, FL",Msa,FL,2018-01-31,15814
395148,19,"Tampa, FL",Msa,FL,2018-02-28,15788
395148,19,"Tampa, FL",Msa,FL,2018-03-31,17110
395148,19,"Tampa, FL",Msa,FL,2018-04-30,17814
395148,19,"Tampa, FL",Msa,FL,2018-05-31,17485
395148,19,"Tampa, FL",Msa,FL,2018-06-30,17418
395148,19,"Tampa, FL",Msa,FL,2018-07-31,17124
395148,19,"Tampa, FL",Msa,FL,2018-08-31,16864
395148,19,"Tampa, FL",Msa,FL,2018-09-30,16569
395148,19,"Tampa, FL",Msa,FL,2018-10-31,17231
395148,19,"Tampa, FL",Msa,FL,2018-11-30,16886
395148,19,"Tampa, FL",Msa,FL,2018-12-31,15981
395148,19,"Tampa, FL",Msa,FL,2019-01-31,17737
395148,19,"Tampa, FL",Msa,FL,2019-02-28,17796
395148,19,"Tampa, FL",Msa,FL,2019-03-31,18260
395148,19,"Tampa, FL",Msa,FL,2019-04-30,17536
395148,19,"Tampa, FL",Msa,FL,2019-05-31,17489
395148,19,"Tampa, FL",Msa,FL,2019-06-30,18197
395148,19,"Tampa, FL",Msa,FL,2019-07-31,18071
395148,19,"Tampa, FL",Msa,FL,2019-08-31,17566
395148,19,"Tampa, FL",Msa,FL,2019-09-30,17191
395148,19,"Tampa, FL",Msa,FL,2019-10-31,17621
395148,19,"Tampa, FL",Msa,FL,2019-11-30,16579
395148,19,"Tampa, FL",Msa,FL,2019-12-31,15223
395148,19,"Tampa, FL",Msa,FL,2020-01-31,16453
395148,19,"Tampa, FL",Msa,FL,2020-02-29,16374
395148,19,"Tampa, FL",Msa,FL,2020-03-31,16598
395148,19,"Tampa, FL",Msa,FL,2020-04-30,15315
395148,19,"Tampa, FL",Msa,FL,2020-05-31,16094
395148,19,"Tampa, FL",Msa,FL,2020-06-30,14636
395148,19,"Tampa, FL",Msa,FL,2020-07-31,13730
395148,19,"Tampa, FL",Msa,FL,2020-08-31,12900
395148,19,"Tampa, FL",Msa,FL,2020-09-30,12279
395148,19,"Tampa, FL",Msa,FL,2020-10-31,12757
395148,19,"Tampa, FL",Msa,FL,2020-11-30,11708
395148,19,"Tampa, FL",Msa,FL,2020-12-31,10643
394358,20,"Baltimore, MD",Msa,MD,2017-11-30,13587
394358,20,"Baltimore, MD",Msa,MD,2017-12-31,11743
394358,20,"Baltimore, MD",Msa,MD,2018-01-31,11421
394358,20,"Baltimore, MD",Msa,MD,2018-02-28,11655
394358,20,"Baltimore, MD",Msa,MD,2018-03-31,13141
394358,20,"Baltimore, MD",Msa,MD,2018-04-30,14856
394358,20,"Baltimore, MD",Msa,MD,2018-05-31,15206
394358,20,"Baltimore, MD",Msa,MD,2018-06-30,14086
394358,20,"Baltimore, MD",Msa,MD,2018-07-31,13940
394358,20,"Baltimore, MD",Msa,MD,2018-08-31,14041
394358,20,"Baltimore, MD",Msa,MD,2018-09-30,13689
394358,20,"Baltimore, MD",Msa,MD,2018-10-31,13862
394358,20,"Baltimore, MD",Msa,MD,2018-11-30,12939
394358,20,"Baltimore, MD",Msa,MD,2018-12-31,11234
394358,20,"Baltimore, MD",Msa,MD,2019-01-31,10833
394358,20,"Baltimore, MD",Msa,MD,2019-02-28,10744
394358,20,"Baltimore, MD",Msa,MD,2019-03-31,12555
394358,20,"Baltimore, MD",Msa,MD,2019-04-30,13931
394358,20,"Baltimore, MD",Msa,MD,2019-05-31,14677
394358,20,"Baltimore, MD",Msa,MD,2019-06-30,15009
394358,20,"Baltimore, MD",Msa,MD,2019-07-31,14787
394358,20,"Baltimore, MD",Msa,MD,2019-08-31,14149
394358,20,"Baltimore, MD",Msa,MD,2019-09-30,14164
394358,20,"Baltimore, MD",Msa,MD,2019-10-31,14092
394358,20,"Baltimore, MD",Msa,MD,2019-11-30,12467
394358,20,"Baltimore, MD",Msa,MD,2019-12-31,10630
394358,20,"Baltimore, MD",Msa,MD,2020-01-31,10373
394358,20,"Baltimore, MD",Msa,MD,2020-02-29,10370
394358,20,"Baltimore, MD",Msa,MD,2020-03-31,11060
394358,20,"Baltimore, MD",Msa,MD,2020-04-30,9882
394358,20,"Baltimore, MD",Msa,MD,2020-05-31,10610
394358,20,"Baltimore, MD",Msa,MD,2020-06-30,10252
394358,20,"Baltimore, MD",Msa,MD,2020-07-31,9857
394358,20,"Baltimore, MD",Msa,MD,2020-08-31,9284
394358,20,"Baltimore, MD",Msa,MD,2020-09-30,9246
394358,20,"Baltimore, MD",Msa,MD,2020-10-31,9036
394358,20,"Baltimore, MD",Msa,MD,2020-11-30,7472
394358,20,"Baltimore, MD",Msa,MD,2020-12-31,6165
394530,21,"Denver, CO",Msa,CO,2017-11-30,7432
394530,21,"Denver, CO",Msa,CO,2017-12-31,5493
394530,21,"Denver, CO",Msa,CO,2018-01-31,5946
394530,21,"Denver, CO",Msa,CO,2018-02-28,6188
394530,21,"Denver, CO",Msa,CO,2018-03-31,7390
394530,21,"Denver, CO",Msa,CO,2018-04-30,8566
394530,21,"Denver, CO",Msa,CO,2018-05-31,9537
394530,21,"Denver, CO",Msa,CO,2018-06-30,10382
394530,21,"Denver, CO",Msa,CO,2018-07-31,10344
394530,21,"Denver, CO",Msa,CO,2018-08-31,10421
394530,21,"Denver, CO",Msa,CO,2018-09-30,10373
394530,21,"Denver, CO",Msa,CO,2018-10-31,10198
394530,21,"Denver, CO",Msa,CO,2018-11-30,9011
394530,21,"Denver, CO",Msa,CO,2018-12-31,7023
394530,21,"Denver, CO",Msa,CO,2019-01-31,7385
394530,21,"Denver, CO",Msa,CO,2019-02-28,7485
394530,21,"Denver, CO",Msa,CO,2019-03-31,8552
394530,21,"Denver, CO",Msa,CO,2019-04-30,9773
394530,21,"Denver, CO",Msa,CO,2019-05-31,11396
394530,21,"Denver, CO",Msa,CO,2019-06-30,12194
394530,21,"Denver, CO",Msa,CO,2019-07-31,11910
394530,21,"Denver, CO",Msa,CO,2019-08-31,11908
394530,21,"Denver, CO",Msa,CO,2019-09-30,11469
394530,21,"Denver, CO",Msa,CO,2019-10-31,10722
394530,21,"Denver, CO",Msa,CO,2019-11-30,8674
394530,21,"Denver, CO",Msa,CO,2019-12-31,6625
394530,21,"Denver, CO",Msa,CO,2020-01-31,6804
394530,21,"Denver, CO",Msa,CO,2020-02-29,6942
394530,21,"Denver, CO",Msa,CO,2020-03-31,8314
394530,21,"Denver, CO",Msa,CO,2020-04-30,7726
394530,21,"Denver, CO",Msa,CO,2020-05-31,10166
394530,21,"Denver, CO",Msa,CO,2020-06-30,9961
394530,21,"Denver, CO",Msa,CO,2020-07-31,9603
394530,21,"Denver, CO",Msa,CO,2020-08-31,9183
394530,21,"Denver, CO",Msa,CO,2020-09-30,8300
394530,21,"Denver, CO",Msa,CO,2020-10-31,7771
394530,21,"Denver, CO",Msa,CO,2020-11-30,5818
394530,21,"Denver, CO",Msa,CO,2020-12-31,4411
394982,22,"Pittsburgh, PA",Msa,PA,2017-11-30,10853
394982,22,"Pittsburgh, PA",Msa,PA,2017-12-31,9638
394982,22,"Pittsburgh, PA",Msa,PA,2018-01-31,9449
394982,22,"Pittsburgh, PA",Msa,PA,2018-02-28,9324
394982,22,"Pittsburgh, PA",Msa,PA,2018-03-31,10007
394982,22,"Pittsburgh, PA",Msa,PA,2018-04-30,10616
394982,22,"Pittsburgh, PA",Msa,PA,2018-05-31,11047
394982,22,"Pittsburgh, PA",Msa,PA,2018-06-30,11566
394982,22,"Pittsburgh, PA",Msa,PA,2018-07-31,11625
394982,22,"Pittsburgh, PA",Msa,PA,2018-08-31,11421
394982,22,"Pittsburgh, PA",Msa,PA,2018-09-30,10888
394982,22,"Pittsburgh, PA",Msa,PA,2018-10-31,10960
394982,22,"Pittsburgh, PA",Msa,PA,2018-11-30,10072
394982,22,"Pittsburgh, PA",Msa,PA,2018-12-31,8868
394982,22,"Pittsburgh, PA",Msa,PA,2019-01-31,8871
394982,22,"Pittsburgh, PA",Msa,PA,2019-02-28,8612
394982,22,"Pittsburgh, PA",Msa,PA,2019-03-31,9271
394982,22,"Pittsburgh, PA",Msa,PA,2019-04-30,9769
394982,22,"Pittsburgh, PA",Msa,PA,2019-05-31,10194
394982,22,"Pittsburgh, PA",Msa,PA,2019-06-30,10435
394982,22,"Pittsburgh, PA",Msa,PA,2019-07-31,10062
394982,22,"Pittsburgh, PA",Msa,PA,2019-08-31,10029
394982,22,"Pittsburgh, PA",Msa,PA,2019-09-30,10177
394982,22,"Pittsburgh, PA",Msa,PA,2019-10-31,10169
394982,22,"Pittsburgh, PA",Msa,PA,2019-11-30,9220
394982,22,"Pittsburgh, PA",Msa,PA,2019-12-31,8137
394982,22,"Pittsburgh, PA",Msa,PA,2020-01-31,8277
394982,22,"Pittsburgh, PA",Msa,PA,2020-02-29,8090
394982,22,"Pittsburgh, PA",Msa,PA,2020-03-31,7766
394982,22,"Pittsburgh, PA",Msa,PA,2020-04-30,6435
394982,22,"Pittsburgh, PA",Msa,PA,2020-05-31,8414
394982,22,"Pittsburgh, PA",Msa,PA,2020-06-30,8757
394982,22,"Pittsburgh, PA",Msa,PA,2020-07-31,8478
394982,22,"Pittsburgh, PA",Msa,PA,2020-08-31,8142
394982,22,"Pittsburgh, PA",Msa,PA,2020-09-30,8246
394982,22,"Pittsburgh, PA",Msa,PA,2020-10-31,7594
394982,22,"Pittsburgh, PA",Msa,PA,2020-11-30,6583
394982,22,"Pittsburgh, PA",Msa,PA,2020-12-31,5516
394998,23,"Portland, OR",Msa,OR,2017-11-30,8149
394998,23,"Portland, OR",Msa,OR,2017-12-31,6432
394998,23,"Portland, OR",Msa,OR,2018-01-31,6443
394998,23,"Portland, OR",Msa,OR,2018-02-28,6175
394998,23,"Portland, OR",Msa,OR,2018-03-31,7165
394998,23,"Portland, OR",Msa,OR,2018-04-30,8497
394998,23,"Portland, OR",Msa,OR,2018-05-31,9671
394998,23,"Portland, OR",Msa,OR,2018-06-30,10609
394998,23,"Portland, OR",Msa,OR,2018-07-31,11086
394998,23,"Portland, OR",Msa,OR,2018-08-31,11206
394998,23,"Portland, OR",Msa,OR,2018-09-30,11034
394998,23,"Portland, OR",Msa,OR,2018-10-31,10582
394998,23,"Portland, OR",Msa,OR,2018-11-30,9352
394998,23,"Portland, OR",Msa,OR,2018-12-31,7845
394998,23,"Portland, OR",Msa,OR,2019-01-31,7911
394998,23,"Portland, OR",Msa,OR,2019-02-28,7595
394998,23,"Portland, OR",Msa,OR,2019-03-31,8638
394998,23,"Portland, OR",Msa,OR,2019-04-30,9489
394998,23,"Portland, OR",Msa,OR,2019-05-31,10850
394998,23,"Portland, OR",Msa,OR,2019-06-30,11431
394998,23,"Portland, OR",Msa,OR,2019-07-31,11603
394998,23,"Portland, OR",Msa,OR,2019-08-31,11445
394998,23,"Portland, OR",Msa,OR,2019-09-30,11030
394998,23,"Portland, OR",Msa,OR,2019-10-31,10171
394998,23,"Portland, OR",Msa,OR,2019-11-30,8734
394998,23,"Portland, OR",Msa,OR,2019-12-31,7047
394998,23,"Portland, OR",Msa,OR,2020-01-31,7108
394998,23,"Portland, OR",Msa,OR,2020-02-29,7103
394998,23,"Portland, OR",Msa,OR,2020-03-31,8299
394998,23,"Portland, OR",Msa,OR,2020-04-30,8171
394998,23,"Portland, OR",Msa,OR,2020-05-31,9195
394998,23,"Portland, OR",Msa,OR,2020-06-30,9035
394998,23,"Portland, OR",Msa,OR,2020-07-31,9212
394998,23,"Portland, OR",Msa,OR,2020-08-31,8977
394998,23,"Portland, OR",Msa,OR,2020-09-30,7961
394998,23,"Portland, OR",Msa,OR,2020-10-31,7797
394998,23,"Portland, OR",Msa,OR,2020-11-30,6161
394998,23,"Portland, OR",Msa,OR,2020-12-31,4816
394458,24,"Charlotte, NC",Msa,NC,2017-11-30,9449
394458,24,"Charlotte, NC",Msa,NC,2017-12-31,8197
394458,24,"Charlotte, NC",Msa,NC,2018-01-31,8494
394458,24,"Charlotte, NC",Msa,NC,2018-02-28,8975
394458,24,"Charlotte, NC",Msa,NC,2018-03-31,10795
394458,24,"Charlotte, NC",Msa,NC,2018-04-30,10838
394458,24,"Charlotte, NC",Msa,NC,2018-05-31,11372
394458,24,"Charlotte, NC",Msa,NC,2018-06-30,11755
394458,24,"Charlotte, NC",Msa,NC,2018-07-31,11939
394458,24,"Charlotte, NC",Msa,NC,2018-08-31,11885
394458,24,"Charlotte, NC",Msa,NC,2018-09-30,11014
394458,24,"Charlotte, NC",Msa,NC,2018-10-31,11251
394458,24,"Charlotte, NC",Msa,NC,2018-11-30,10411
394458,24,"Charlotte, NC",Msa,NC,2018-12-31,8965
394458,24,"Charlotte, NC",Msa,NC,2019-01-31,9658
394458,24,"Charlotte, NC",Msa,NC,2019-02-28,9868
394458,24,"Charlotte, NC",Msa,NC,2019-03-31,11712
394458,24,"Charlotte, NC",Msa,NC,2019-04-30,11660
394458,24,"Charlotte, NC",Msa,NC,2019-05-31,12585
394458,24,"Charlotte, NC",Msa,NC,2019-06-30,13000
394458,24,"Charlotte, NC",Msa,NC,2019-07-31,13310
394458,24,"Charlotte, NC",Msa,NC,2019-08-31,12875
394458,24,"Charlotte, NC",Msa,NC,2019-09-30,12609
394458,24,"Charlotte, NC",Msa,NC,2019-10-31,12845
394458,24,"Charlotte, NC",Msa,NC,2019-11-30,11064
394458,24,"Charlotte, NC",Msa,NC,2019-12-31,9520
394458,24,"Charlotte, NC",Msa,NC,2020-01-31,10238
394458,24,"Charlotte, NC",Msa,NC,2020-02-29,9907
394458,24,"Charlotte, NC",Msa,NC,2020-03-31,10927
394458,24,"Charlotte, NC",Msa,NC,2020-04-30,10167
394458,24,"Charlotte, NC",Msa,NC,2020-05-31,10999
394458,24,"Charlotte, NC",Msa,NC,2020-06-30,9903
394458,24,"Charlotte, NC",Msa,NC,2020-07-31,9488
394458,24,"Charlotte, NC",Msa,NC,2020-08-31,9086
394458,24,"Charlotte, NC",Msa,NC,2020-09-30,8682
394458,24,"Charlotte, NC",Msa,NC,2020-10-31,8461
394458,24,"Charlotte, NC",Msa,NC,2020-11-30,7234
394458,24,"Charlotte, NC",Msa,NC,2020-12-31,6113
395045,25,"Sacramento, CA",Msa,CA,2017-11-30,6271
395045,25,"Sacramento, CA",Msa,CA,2017-12-31,4984
395045,25,"Sacramento, CA",Msa,CA,2018-01-31,5013
395045,25,"Sacramento, CA",Msa,CA,2018-02-28,5251
395045,25,"Sacramento, CA",Msa,CA,2018-03-31,6177
395045,25,"Sacramento, CA",Msa,CA,2018-04-30,6915
395045,25,"Sacramento, CA",Msa,CA,2018-05-31,7914
395045,25,"Sacramento, CA",Msa,CA,2018-06-30,8332
395045,25,"Sacramento, CA",Msa,CA,2018-07-31,8577
395045,25,"Sacramento, CA",Msa,CA,2018-08-31,9007
395045,25,"Sacramento, CA",Msa,CA,2018-09-30,8700
395045,25,"Sacramento, CA",Msa,CA,2018-10-31,8607
395045,25,"Sacramento, CA",Msa,CA,2018-11-30,7590
395045,25,"Sacramento, CA",Msa,CA,2018-12-31,6171
395045,25,"Sacramento, CA",Msa,CA,2019-01-31,6076
395045,25,"Sacramento, CA",Msa,CA,2019-02-28,5889
395045,25,"Sacramento, CA",Msa,CA,2019-03-31,6415
395045,25,"Sacramento, CA",Msa,CA,2019-04-30,7269
395045,25,"Sacramento, CA",Msa,CA,2019-05-31,8169
395045,25,"Sacramento, CA",Msa,CA,2019-06-30,8600
395045,25,"Sacramento, CA",Msa,CA,2019-07-31,8851
395045,25,"Sacramento, CA",Msa,CA,2019-08-31,8984
395045,25,"Sacramento, CA",Msa,CA,2019-09-30,8518
395045,25,"Sacramento, CA",Msa,CA,2019-10-31,8001
395045,25,"Sacramento, CA",Msa,CA,2019-11-30,6735
395045,25,"Sacramento, CA",Msa,CA,2019-12-31,5306
395045,25,"Sacramento, CA",Msa,CA,2020-01-31,5401
395045,25,"Sacramento, CA",Msa,CA,2020-02-29,5649
395045,25,"Sacramento, CA",Msa,CA,2020-03-31,5895
395045,25,"Sacramento, CA",Msa,CA,2020-04-30,5740
395045,25,"Sacramento, CA",Msa,CA,2020-05-31,6679
395045,25,"Sacramento, CA",Msa,CA,2020-06-30,6692
395045,25,"Sacramento, CA",Msa,CA,2020-07-31,6288
395045,25,"Sacramento, CA",Msa,CA,2020-08-31,5995
395045,25,"Sacramento, CA",Msa,CA,2020-09-30,5823
395045,25,"Sacramento, CA",Msa,CA,2020-10-31,5861
395045,25,"Sacramento, CA",Msa,CA,2020-11-30,4735
395045,25,"Sacramento, CA",Msa,CA,2020-12-31,3703
395055,26,"San Antonio, TX",Msa,TX,2017-11-30,10037
395055,26,"San Antonio, TX",Msa,TX,2017-12-31,8874
395055,26,"San Antonio, TX",Msa,TX,2018-01-31,9067
395055,26,"San Antonio, TX",Msa,TX,2018-02-28,9636
395055,26,"San Antonio, TX",Msa,TX,2018-03-31,10571
395055,26,"San Antonio, TX",Msa,TX,2018-04-30,11161
395055,26,"San Antonio, TX",Msa,TX,2018-05-31,11457
395055,26,"San Antonio, TX",Msa,TX,2018-06-30,11739
395055,26,"San Antonio, TX",Msa,TX,2018-07-31,12059
395055,26,"San Antonio, TX",Msa,TX,2018-08-31,12070
395055,26,"San Antonio, TX",Msa,TX,2018-09-30,11207
395055,26,"San Antonio, TX",Msa,TX,2018-10-31,11121
395055,26,"San Antonio, TX",Msa,TX,2018-11-30,10897
395055,26,"San Antonio, TX",Msa,TX,2018-12-31,10072
395055,26,"San Antonio, TX",Msa,TX,2019-01-31,10468
395055,26,"San Antonio, TX",Msa,TX,2019-02-28,10691
395055,26,"San Antonio, TX",Msa,TX,2019-03-31,11834
395055,26,"San Antonio, TX",Msa,TX,2019-04-30,12349
395055,26,"San Antonio, TX",Msa,TX,2019-05-31,12754
395055,26,"San Antonio, TX",Msa,TX,2019-06-30,13818
395055,26,"San Antonio, TX",Msa,TX,2019-07-31,14203
395055,26,"San Antonio, TX",Msa,TX,2019-08-31,13921
395055,26,"San Antonio, TX",Msa,TX,2019-09-30,13443
395055,26,"San Antonio, TX",Msa,TX,2019-10-31,13405
395055,26,"San Antonio, TX",Msa,TX,2019-11-30,12591
395055,26,"San Antonio, TX",Msa,TX,2019-12-31,11945
395055,26,"San Antonio, TX",Msa,TX,2020-01-31,12075
395055,26,"San Antonio, TX",Msa,TX,2020-02-29,12349
395055,26,"San Antonio, TX",Msa,TX,2020-03-31,12801
395055,26,"San Antonio, TX",Msa,TX,2020-04-30,12197
395055,26,"San Antonio, TX",Msa,TX,2020-05-31,13032
395055,26,"San Antonio, TX",Msa,TX,2020-06-30,12805
395055,26,"San Antonio, TX",Msa,TX,2020-07-31,12090
395055,26,"San Antonio, TX",Msa,TX,2020-08-31,11470
395055,26,"San Antonio, TX",Msa,TX,2020-09-30,10825
395055,26,"San Antonio, TX",Msa,TX,2020-10-31,10551
395055,26,"San Antonio, TX",Msa,TX,2020-11-30,9624
395055,26,"San Antonio, TX",Msa,TX,2020-12-31,8678
394943,27,"Orlando, FL",Msa,FL,2017-11-30,11130
394943,27,"Orlando, FL",Msa,FL,2017-12-31,10265
394943,27,"Orlando, FL",Msa,FL,2018-01-31,11186
394943,27,"Orlando, FL",Msa,FL,2018-02-28,11123
394943,27,"Orlando, FL",Msa,FL,2018-03-31,11876
394943,27,"Orlando, FL",Msa,FL,2018-04-30,12399
394943,27,"Orlando, FL",Msa,FL,2018-05-31,12471
394943,27,"Orlando, FL",Msa,FL,2018-06-30,12475
394943,27,"Orlando, FL",Msa,FL,2018-07-31,12615
394943,27,"Orlando, FL",Msa,FL,2018-08-31,12740
394943,27,"Orlando, FL",Msa,FL,2018-09-30,12532
394943,27,"Orlando, FL",Msa,FL,2018-10-31,12810
394943,27,"Orlando, FL",Msa,FL,2018-11-30,12333
394943,27,"Orlando, FL",Msa,FL,2018-12-31,11626
394943,27,"Orlando, FL",Msa,FL,2019-01-31,12587
394943,27,"Orlando, FL",Msa,FL,2019-02-28,12582
394943,27,"Orlando, FL",Msa,FL,2019-03-31,13094
394943,27,"Orlando, FL",Msa,FL,2019-04-30,12970
394943,27,"Orlando, FL",Msa,FL,2019-05-31,13065
394943,27,"Orlando, FL",Msa,FL,2019-06-30,13706
394943,27,"Orlando, FL",Msa,FL,2019-07-31,13611
394943,27,"Orlando, FL",Msa,FL,2019-08-31,13118
394943,27,"Orlando, FL",Msa,FL,2019-09-30,12825
394943,27,"Orlando, FL",Msa,FL,2019-10-31,13253
394943,27,"Orlando, FL",Msa,FL,2019-11-30,12395
394943,27,"Orlando, FL",Msa,FL,2019-12-31,11425
394943,27,"Orlando, FL",Msa,FL,2020-01-31,11965
394943,27,"Orlando, FL",Msa,FL,2020-02-29,11881
394943,27,"Orlando, FL",Msa,FL,2020-03-31,12033
394943,27,"Orlando, FL",Msa,FL,2020-04-30,11164
394943,27,"Orlando, FL",Msa,FL,2020-05-31,12208
394943,27,"Orlando, FL",Msa,FL,2020-06-30,12045
394943,27,"Orlando, FL",Msa,FL,2020-07-31,11693
394943,27,"Orlando, FL",Msa,FL,2020-08-31,11291
394943,27,"Orlando, FL",Msa,FL,2020-09-30,10828
394943,27,"Orlando, FL",Msa,FL,2020-10-31,11033
394943,27,"Orlando, FL",Msa,FL,2020-11-30,9982
394943,27,"Orlando, FL",Msa,FL,2020-12-31,9095
394466,28,"Cincinnati, OH",Msa,OH,2017-11-30,6946
394466,28,"Cincinnati, OH",Msa,OH,2017-12-31,6060
394466,28,"Cincinnati, OH",Msa,OH,2018-01-31,5955
394466,28,"Cincinnati, OH",Msa,OH,2018-02-28,5945
394466,28,"Cincinnati, OH",Msa,OH,2018-03-31,6481
394466,28,"Cincinnati, OH",Msa,OH,2018-04-30,6872
394466,28,"Cincinnati, OH",Msa,OH,2018-05-31,7629
394466,28,"Cincinnati, OH",Msa,OH,2018-06-30,7760
394466,28,"Cincinnati, OH",Msa,OH,2018-07-31,8239
394466,28,"Cincinnati, OH",Msa,OH,2018-08-31,8343
394466,28,"Cincinnati, OH",Msa,OH,2018-09-30,8079
394466,28,"Cincinnati, OH",Msa,OH,2018-10-31,8119
394466,28,"Cincinnati, OH",Msa,OH,2018-11-30,7494
394466,28,"Cincinnati, OH",Msa,OH,2018-12-31,6415
394466,28,"Cincinnati, OH",Msa,OH,2019-01-31,6360
394466,28,"Cincinnati, OH",Msa,OH,2019-02-28,6238
394466,28,"Cincinnati, OH",Msa,OH,2019-03-31,6689
394466,28,"Cincinnati, OH",Msa,OH,2019-04-30,7151
394466,28,"Cincinnati, OH",Msa,OH,2019-05-31,7510
394466,28,"Cincinnati, OH",Msa,OH,2019-06-30,7873
394466,28,"Cincinnati, OH",Msa,OH,2019-07-31,7899
394466,28,"Cincinnati, OH",Msa,OH,2019-08-31,7886
394466,28,"Cincinnati, OH",Msa,OH,2019-09-30,7750
394466,28,"Cincinnati, OH",Msa,OH,2019-10-31,7550
394466,28,"Cincinnati, OH",Msa,OH,2019-11-30,6777
394466,28,"Cincinnati, OH",Msa,OH,2019-12-31,5746
394466,28,"Cincinnati, OH",Msa,OH,2020-01-31,5836
394466,28,"Cincinnati, OH",Msa,OH,2020-02-29,5529
394466,28,"Cincinnati, OH",Msa,OH,2020-03-31,5746
394466,28,"Cincinnati, OH",Msa,OH,2020-04-30,5527
394466,28,"Cincinnati, OH",Msa,OH,2020-05-31,6012
394466,28,"Cincinnati, OH",Msa,OH,2020-06-30,5928
394466,28,"Cincinnati, OH",Msa,OH,2020-07-31,5848
394466,28,"Cincinnati, OH",Msa,OH,2020-08-31,5745
394466,28,"Cincinnati, OH",Msa,OH,2020-09-30,5562
394466,28,"Cincinnati, OH",Msa,OH,2020-10-31,5884
394466,28,"Cincinnati, OH",Msa,OH,2020-11-30,5087
394466,28,"Cincinnati, OH",Msa,OH,2020-12-31,4350
394475,29,"Cleveland, OH",Msa,OH,2017-11-30,9841
394475,29,"Cleveland, OH",Msa,OH,2017-12-31,8528
394475,29,"Cleveland, OH",Msa,OH,2018-01-31,8289
394475,29,"Cleveland, OH",Msa,OH,2018-02-28,8327
394475,29,"Cleveland, OH",Msa,OH,2018-03-31,9264
394475,29,"Cleveland, OH",Msa,OH,2018-04-30,10007
394475,29,"Cleveland, OH",Msa,OH,2018-05-31,10565
394475,29,"Cleveland, OH",Msa,OH,2018-06-30,10968
394475,29,"Cleveland, OH",Msa,OH,2018-07-31,11343
394475,29,"Cleveland, OH",Msa,OH,2018-08-31,11059
394475,29,"Cleveland, OH",Msa,OH,2018-09-30,10719
394475,29,"Cleveland, OH",Msa,OH,2018-10-31,10530
394475,29,"Cleveland, OH",Msa,OH,2018-11-30,9653
394475,29,"Cleveland, OH",Msa,OH,2018-12-31,8457
394475,29,"Cleveland, OH",Msa,OH,2019-01-31,8119
394475,29,"Cleveland, OH",Msa,OH,2019-02-28,8207
394475,29,"Cleveland, OH",Msa,OH,2019-03-31,9092
394475,29,"Cleveland, OH",Msa,OH,2019-04-30,9774
394475,29,"Cleveland, OH",Msa,OH,2019-05-31,10530
394475,29,"Cleveland, OH",Msa,OH,2019-06-30,10939
394475,29,"Cleveland, OH",Msa,OH,2019-07-31,11128
394475,29,"Cleveland, OH",Msa,OH,2019-08-31,10992
394475,29,"Cleveland, OH",Msa,OH,2019-09-30,10733
394475,29,"Cleveland, OH",Msa,OH,2019-10-31,10468
394475,29,"Cleveland, OH",Msa,OH,2019-11-30,9374
394475,29,"Cleveland, OH",Msa,OH,2019-12-31,8301
394475,29,"Cleveland, OH",Msa,OH,2020-01-31,7639
394475,29,"Cleveland, OH",Msa,OH,2020-02-29,7409
394475,29,"Cleveland, OH",Msa,OH,2020-03-31,7888
394475,29,"Cleveland, OH",Msa,OH,2020-04-30,7013
394475,29,"Cleveland, OH",Msa,OH,2020-05-31,7450
394475,29,"Cleveland, OH",Msa,OH,2020-06-30,7789
394475,29,"Cleveland, OH",Msa,OH,2020-07-31,7826
394475,29,"Cleveland, OH",Msa,OH,2020-08-31,7807
394475,29,"Cleveland, OH",Msa,OH,2020-09-30,7634
394475,29,"Cleveland, OH",Msa,OH,2020-10-31,7142
394475,29,"Cleveland, OH",Msa,OH,2020-11-30,6283
394475,29,"Cleveland, OH",Msa,OH,2020-12-31,5252
394735,30,"Kansas City, MO",Msa,MO,2017-11-30,9795
394735,30,"Kansas City, MO",Msa,MO,2017-12-31,8712
394735,30,"Kansas City, MO",Msa,MO,2018-01-31,8382
394735,30,"Kansas City, MO",Msa,MO,2018-02-28,8475
394735,30,"Kansas City, MO",Msa,MO,2018-03-31,9871
394735,30,"Kansas City, MO",Msa,MO,2018-04-30,10769
394735,30,"Kansas City, MO",Msa,MO,2018-05-31,11826
394735,30,"Kansas City, MO",Msa,MO,2018-06-30,12879
394735,30,"Kansas City, MO",Msa,MO,2018-07-31,12237
394735,30,"Kansas City, MO",Msa,MO,2018-08-31,12281
394735,30,"Kansas City, MO",Msa,MO,2018-09-30,11759
394735,30,"Kansas City, MO",Msa,MO,2018-10-31,10377
394735,30,"Kansas City, MO",Msa,MO,2018-11-30,9548
394735,30,"Kansas City, MO",Msa,MO,2018-12-31,8337
394735,30,"Kansas City, MO",Msa,MO,2019-01-31,8434
394735,30,"Kansas City, MO",Msa,MO,2019-02-28,8199
394735,30,"Kansas City, MO",Msa,MO,2019-03-31,9041
394735,30,"Kansas City, MO",Msa,MO,2019-04-30,9958
394735,30,"Kansas City, MO",Msa,MO,2019-05-31,10188
394735,30,"Kansas City, MO",Msa,MO,2019-06-30,10320
394735,30,"Kansas City, MO",Msa,MO,2019-07-31,10545
394735,30,"Kansas City, MO",Msa,MO,2019-08-31,10409
394735,30,"Kansas City, MO",Msa,MO,2019-09-30,10168
394735,30,"Kansas City, MO",Msa,MO,2019-10-31,10169
394735,30,"Kansas City, MO",Msa,MO,2019-11-30,9087
394735,30,"Kansas City, MO",Msa,MO,2019-12-31,7659
394735,30,"Kansas City, MO",Msa,MO,2020-01-31,7521
394735,30,"Kansas City, MO",Msa,MO,2020-02-29,7457
394735,30,"Kansas City, MO",Msa,MO,2020-03-31,7881
394735,30,"Kansas City, MO",Msa,MO,2020-04-30,7491
394735,30,"Kansas City, MO",Msa,MO,2020-05-31,8067
394735,30,"Kansas City, MO",Msa,MO,2020-06-30,7781
394735,30,"Kansas City, MO",Msa,MO,2020-07-31,7595
394735,30,"Kansas City, MO",Msa,MO,2020-08-31,7264
394735,30,"Kansas City, MO",Msa,MO,2020-09-30,6994
394735,30,"Kansas City, MO",Msa,MO,2020-10-31,7213
394735,30,"Kansas City, MO",Msa,MO,2020-11-30,6093
394735,30,"Kansas City, MO",Msa,MO,2020-12-31,5221
394775,31,"Las Vegas, NV",Msa,NV,2017-11-30,10894
394775,31,"Las Vegas, NV",Msa,NV,2017-12-31,9798
394775,31,"Las Vegas, NV",Msa,NV,2018-01-31,9870
394775,31,"Las Vegas, NV",Msa,NV,2018-02-28,10386
394775,31,"Las Vegas, NV",Msa,NV,2018-03-31,11195
394775,31,"Las Vegas, NV",Msa,NV,2018-04-30,11317
394775,31,"Las Vegas, NV",Msa,NV,2018-05-31,8329
394775,31,"Las Vegas, NV",Msa,NV,2018-06-30,8504
394775,31,"Las Vegas, NV",Msa,NV,2018-07-31,11499
394775,31,"Las Vegas, NV",Msa,NV,2018-08-31,9532
394775,31,"Las Vegas, NV",Msa,NV,2018-09-30,10192
394775,31,"Las Vegas, NV",Msa,NV,2018-10-31,10362
394775,31,"Las Vegas, NV",Msa,NV,2018-11-30,10254
394775,31,"Las Vegas, NV",Msa,NV,2018-12-31,9628
394775,31,"Las Vegas, NV",Msa,NV,2019-01-31,10703
394775,31,"Las Vegas, NV",Msa,NV,2019-02-28,10934
394775,31,"Las Vegas, NV",Msa,NV,2019-03-31,11847
394775,31,"Las Vegas, NV",Msa,NV,2019-04-30,11936
394775,31,"Las Vegas, NV",Msa,NV,2019-05-31,12520
394775,31,"Las Vegas, NV",Msa,NV,2019-06-30,12677
394775,31,"Las Vegas, NV",Msa,NV,2019-07-31,12542
394775,31,"Las Vegas, NV",Msa,NV,2019-08-31,12347
394775,31,"Las Vegas, NV",Msa,NV,2019-09-30,11931
394775,31,"Las Vegas, NV",Msa,NV,2019-10-31,11715
394775,31,"Las Vegas, NV",Msa,NV,2019-11-30,10595
394775,31,"Las Vegas, NV",Msa,NV,2019-12-31,9370
394775,31,"Las Vegas, NV",Msa,NV,2020-01-31,9464
394775,31,"Las Vegas, NV",Msa,NV,2020-02-29,8973
394775,31,"Las Vegas, NV",Msa,NV,2020-03-31,9360
394775,31,"Las Vegas, NV",Msa,NV,2020-04-30,9175
394775,31,"Las Vegas, NV",Msa,NV,2020-05-31,10126
394775,31,"Las Vegas, NV",Msa,NV,2020-06-30,10047
394775,31,"Las Vegas, NV",Msa,NV,2020-07-31,9885
394775,31,"Las Vegas, NV",Msa,NV,2020-08-31,10040
394775,31,"Las Vegas, NV",Msa,NV,2020-09-30,10044
394775,31,"Las Vegas, NV",Msa,NV,2020-10-31,9957
394775,31,"Las Vegas, NV",Msa,NV,2020-11-30,8858
394775,31,"Las Vegas, NV",Msa,NV,2020-12-31,7848
394492,32,"Columbus, OH",Msa,OH,2017-11-30,5302
394492,32,"Columbus, OH",Msa,OH,2017-12-31,4432
394492,32,"Columbus, OH",Msa,OH,2018-01-31,4256
394492,32,"Columbus, OH",Msa,OH,2018-02-28,4155
394492,32,"Columbus, OH",Msa,OH,2018-03-31,4826
394492,32,"Columbus, OH",Msa,OH,2018-04-30,5340
394492,32,"Columbus, OH",Msa,OH,2018-05-31,6195
394492,32,"Columbus, OH",Msa,OH,2018-06-30,6593
394492,32,"Columbus, OH",Msa,OH,2018-07-31,6862
394492,32,"Columbus, OH",Msa,OH,2018-08-31,6970
394492,32,"Columbus, OH",Msa,OH,2018-09-30,6504
394492,32,"Columbus, OH",Msa,OH,2018-10-31,6607
394492,32,"Columbus, OH",Msa,OH,2018-11-30,5776
394492,32,"Columbus, OH",Msa,OH,2018-12-31,4730
394492,32,"Columbus, OH",Msa,OH,2019-01-31,4678
394492,32,"Columbus, OH",Msa,OH,2019-02-28,4378
394492,32,"Columbus, OH",Msa,OH,2019-03-31,4951
394492,32,"Columbus, OH",Msa,OH,2019-04-30,5281
394492,32,"Columbus, OH",Msa,OH,2019-05-31,6077
394492,32,"Columbus, OH",Msa,OH,2019-06-30,6373
394492,32,"Columbus, OH",Msa,OH,2019-07-31,6597
394492,32,"Columbus, OH",Msa,OH,2019-08-31,6657
394492,32,"Columbus, OH",Msa,OH,2019-09-30,6437
394492,32,"Columbus, OH",Msa,OH,2019-10-31,6418
394492,32,"Columbus, OH",Msa,OH,2019-11-30,5654
394492,32,"Columbus, OH",Msa,OH,2019-12-31,4662
394492,32,"Columbus, OH",Msa,OH,2020-01-31,4649
394492,32,"Columbus, OH",Msa,OH,2020-02-29,4312
394492,32,"Columbus, OH",Msa,OH,2020-03-31,4625
394492,32,"Columbus, OH",Msa,OH,2020-04-30,4510
394492,32,"Columbus, OH",Msa,OH,2020-05-31,4813
394492,32,"Columbus, OH",Msa,OH,2020-06-30,4820
394492,32,"Columbus, OH",Msa,OH,2020-07-31,4847
394492,32,"Columbus, OH",Msa,OH,2020-08-31,4717
394492,32,"Columbus, OH",Msa,OH,2020-09-30,4526
394492,32,"Columbus, OH",Msa,OH,2020-10-31,4553
394492,32,"Columbus, OH",Msa,OH,2020-11-30,3806
394492,32,"Columbus, OH",Msa,OH,2020-12-31,3105
394705,33,"Indianapolis, IN",Msa,IN,2017-11-30,7570
394705,33,"Indianapolis, IN",Msa,IN,2017-12-31,6389
394705,33,"Indianapolis, IN",Msa,IN,2018-01-31,6189
394705,33,"Indianapolis, IN",Msa,IN,2018-02-28,6164
394705,33,"Indianapolis, IN",Msa,IN,2018-03-31,7256
394705,33,"Indianapolis, IN",Msa,IN,2018-04-30,7268
394705,33,"Indianapolis, IN",Msa,IN,2018-05-31,7155
394705,33,"Indianapolis, IN",Msa,IN,2018-06-30,7874
394705,33,"Indianapolis, IN",Msa,IN,2018-07-31,8184
394705,33,"Indianapolis, IN",Msa,IN,2018-08-31,8455
394705,33,"Indianapolis, IN",Msa,IN,2018-09-30,8213
394705,33,"Indianapolis, IN",Msa,IN,2018-10-31,8411
394705,33,"Indianapolis, IN",Msa,IN,2018-11-30,7647
394705,33,"Indianapolis, IN",Msa,IN,2018-12-31,6540
394705,33,"Indianapolis, IN",Msa,IN,2019-01-31,6445
394705,33,"Indianapolis, IN",Msa,IN,2019-02-28,6160
394705,33,"Indianapolis, IN",Msa,IN,2019-03-31,6785
394705,33,"Indianapolis, IN",Msa,IN,2019-04-30,7198
394705,33,"Indianapolis, IN",Msa,IN,2019-05-31,7888
394705,33,"Indianapolis, IN",Msa,IN,2019-06-30,8426
394705,33,"Indianapolis, IN",Msa,IN,2019-07-31,8722
394705,33,"Indianapolis, IN",Msa,IN,2019-08-31,8873
394705,33,"Indianapolis, IN",Msa,IN,2019-09-30,8785
394705,33,"Indianapolis, IN",Msa,IN,2019-10-31,8741
394705,33,"Indianapolis, IN",Msa,IN,2019-11-30,7835
394705,33,"Indianapolis, IN",Msa,IN,2019-12-31,6815
394705,33,"Indianapolis, IN",Msa,IN,2020-01-31,6774
394705,33,"Indianapolis, IN",Msa,IN,2020-02-29,6427
394705,33,"Indianapolis, IN",Msa,IN,2020-03-31,6635
394705,33,"Indianapolis, IN",Msa,IN,2020-04-30,6105
394705,33,"Indianapolis, IN",Msa,IN,2020-05-31,6612
394705,33,"Indianapolis, IN",Msa,IN,2020-06-30,6362
394705,33,"Indianapolis, IN",Msa,IN,2020-07-31,6239
394705,33,"Indianapolis, IN",Msa,IN,2020-08-31,6146
394705,33,"Indianapolis, IN",Msa,IN,2020-09-30,6308
394705,33,"Indianapolis, IN",Msa,IN,2020-10-31,6295
394705,33,"Indianapolis, IN",Msa,IN,2020-11-30,5447
394705,33,"Indianapolis, IN",Msa,IN,2020-12-31,4545
395059,34,"San Jose, CA",Msa,CA,2017-11-30,1494
395059,34,"San Jose, CA",Msa,CA,2017-12-31,1016
395059,34,"San Jose, CA",Msa,CA,2018-01-31,1149
395059,34,"San Jose, CA",Msa,CA,2018-02-28,1523
395059,34,"San Jose, CA",Msa,CA,2018-03-31,2013
395059,34,"San Jose, CA",Msa,CA,2018-04-30,2252
395059,34,"San Jose, CA",Msa,CA,2018-05-31,2669
395059,34,"San Jose, CA",Msa,CA,2018-06-30,2665
395059,34,"San Jose, CA",Msa,CA,2018-07-31,2792
395059,34,"San Jose, CA",Msa,CA,2018-08-31,2860
395059,34,"San Jose, CA",Msa,CA,2018-09-30,3018
395059,34,"San Jose, CA",Msa,CA,2018-10-31,3049
395059,34,"San Jose, CA",Msa,CA,2018-11-30,2549
395059,34,"San Jose, CA",Msa,CA,2018-12-31,1777
395059,34,"San Jose, CA",Msa,CA,2019-01-31,1847
395059,34,"San Jose, CA",Msa,CA,2019-02-28,2250
395059,34,"San Jose, CA",Msa,CA,2019-03-31,2647
395059,34,"San Jose, CA",Msa,CA,2019-04-30,3004
395059,34,"San Jose, CA",Msa,CA,2019-05-31,3442
395059,34,"San Jose, CA",Msa,CA,2019-06-30,3416
395059,34,"San Jose, CA",Msa,CA,2019-07-31,3338
395059,34,"San Jose, CA",Msa,CA,2019-08-31,3104
395059,34,"San Jose, CA",Msa,CA,2019-09-30,3055
395059,34,"San Jose, CA",Msa,CA,2019-10-31,2925
395059,34,"San Jose, CA",Msa,CA,2019-11-30,2123
395059,34,"San Jose, CA",Msa,CA,2019-12-31,1388
395059,34,"San Jose, CA",Msa,CA,2020-01-31,1477
395059,34,"San Jose, CA",Msa,CA,2020-02-29,1929
395059,34,"San Jose, CA",Msa,CA,2020-03-31,1997
395059,34,"San Jose, CA",Msa,CA,2020-04-30,1839
395059,34,"San Jose, CA",Msa,CA,2020-05-31,2415
395059,34,"San Jose, CA",Msa,CA,2020-06-30,2541
395059,34,"San Jose, CA",Msa,CA,2020-07-31,2606
395059,34,"San Jose, CA",Msa,CA,2020-08-31,2542
395059,34,"San Jose, CA",Msa,CA,2020-09-30,2611
395059,34,"San Jose, CA",Msa,CA,2020-10-31,2672
395059,34,"San Jose, CA",Msa,CA,2020-11-30,2100
395059,34,"San Jose, CA",Msa,CA,2020-12-31,1551
394355,35,"Austin, TX",Msa,TX,2017-11-30,7138
394355,35,"Austin, TX",Msa,TX,2017-12-31,5894
394355,35,"Austin, TX",Msa,TX,2018-01-31,5904
394355,35,"Austin, TX",Msa,TX,2018-02-28,6184
394355,35,"Austin, TX",Msa,TX,2018-03-31,7268
394355,35,"Austin, TX",Msa,TX,2018-04-30,8374
394355,35,"Austin, TX",Msa,TX,2018-05-31,9026
394355,35,"Austin, TX",Msa,TX,2018-06-30,9287
394355,35,"Austin, TX",Msa,TX,2018-07-31,9445
394355,35,"Austin, TX",Msa,TX,2018-08-31,9236
394355,35,"Austin, TX",Msa,TX,2018-09-30,8487
394355,35,"Austin, TX",Msa,TX,2018-10-31,8513
394355,35,"Austin, TX",Msa,TX,2018-11-30,7994
394355,35,"Austin, TX",Msa,TX,2018-12-31,7047
394355,35,"Austin, TX",Msa,TX,2019-01-31,7021
394355,35,"Austin, TX",Msa,TX,2019-02-28,7040
394355,35,"Austin, TX",Msa,TX,2019-03-31,7874
394355,35,"Austin, TX",Msa,TX,2019-04-30,8448
394355,35,"Austin, TX",Msa,TX,2019-05-31,8845
394355,35,"Austin, TX",Msa,TX,2019-06-30,9769
394355,35,"Austin, TX",Msa,TX,2019-07-31,9863
394355,35,"Austin, TX",Msa,TX,2019-08-31,9569
394355,35,"Austin, TX",Msa,TX,2019-09-30,9278
394355,35,"Austin, TX",Msa,TX,2019-10-31,8961
394355,35,"Austin, TX",Msa,TX,2019-11-30,7918
394355,35,"Austin, TX",Msa,TX,2019-12-31,6798
394355,35,"Austin, TX",Msa,TX,2020-01-31,7112
394355,35,"Austin, TX",Msa,TX,2020-02-29,7077
394355,35,"Austin, TX",Msa,TX,2020-03-31,7766
394355,35,"Austin, TX",Msa,TX,2020-04-30,7825
394355,35,"Austin, TX",Msa,TX,2020-05-31,8788
394355,35,"Austin, TX",Msa,TX,2020-06-30,8253
394355,35,"Austin, TX",Msa,TX,2020-07-31,8038
394355,35,"Austin, TX",Msa,TX,2020-08-31,7237
394355,35,"Austin, TX",Msa,TX,2020-09-30,6599
394355,35,"Austin, TX",Msa,TX,2020-10-31,6171
394355,35,"Austin, TX",Msa,TX,2020-11-30,5128
394355,35,"Austin, TX",Msa,TX,2020-12-31,4102
395194,36,"Virginia Beach, VA",Msa,VA,2017-11-30,11175
395194,36,"Virginia Beach, VA",Msa,VA,2017-12-31,10298
395194,36,"Virginia Beach, VA",Msa,VA,2018-01-31,9971
395194,36,"Virginia Beach, VA",Msa,VA,2018-02-28,10077
395194,36,"Virginia Beach, VA",Msa,VA,2018-03-31,11093
395194,36,"Virginia Beach, VA",Msa,VA,2018-04-30,11719
395194,36,"Virginia Beach, VA",Msa,VA,2018-05-31,12137
395194,36,"Virginia Beach, VA",Msa,VA,2018-06-30,12547
395194,36,"Virginia Beach, VA",Msa,VA,2018-07-31,12299
395194,36,"Virginia Beach, VA",Msa,VA,2018-08-31,12014
395194,36,"Virginia Beach, VA",Msa,VA,2018-09-30,11288
395194,36,"Virginia Beach, VA",Msa,VA,2018-10-31,11293
395194,36,"Virginia Beach, VA",Msa,VA,2018-11-30,10622
395194,36,"Virginia Beach, VA",Msa,VA,2018-12-31,9640
395194,36,"Virginia Beach, VA",Msa,VA,2019-01-31,9838
395194,36,"Virginia Beach, VA",Msa,VA,2019-02-28,9828
395194,36,"Virginia Beach, VA",Msa,VA,2019-03-31,10629
395194,36,"Virginia Beach, VA",Msa,VA,2019-04-30,11340
395194,36,"Virginia Beach, VA",Msa,VA,2019-05-31,11716
395194,36,"Virginia Beach, VA",Msa,VA,2019-06-30,11680
395194,36,"Virginia Beach, VA",Msa,VA,2019-07-31,11518
395194,36,"Virginia Beach, VA",Msa,VA,2019-08-31,11095
395194,36,"Virginia Beach, VA",Msa,VA,2019-09-30,10468
395194,36,"Virginia Beach, VA",Msa,VA,2019-10-31,10082
395194,36,"Virginia Beach, VA",Msa,VA,2019-11-30,9245
395194,36,"Virginia Beach, VA",Msa,VA,2019-12-31,8364
395194,36,"Virginia Beach, VA",Msa,VA,2020-01-31,8397
395194,36,"Virginia Beach, VA",Msa,VA,2020-02-29,8590
395194,36,"Virginia Beach, VA",Msa,VA,2020-03-31,9232
395194,36,"Virginia Beach, VA",Msa,VA,2020-04-30,8775
395194,36,"Virginia Beach, VA",Msa,VA,2020-05-31,8987
395194,36,"Virginia Beach, VA",Msa,VA,2020-06-30,8560
395194,36,"Virginia Beach, VA",Msa,VA,2020-07-31,8294
395194,36,"Virginia Beach, VA",Msa,VA,2020-08-31,7850
395194,36,"Virginia Beach, VA",Msa,VA,2020-09-30,7559
395194,36,"Virginia Beach, VA",Msa,VA,2020-10-31,7407
395194,36,"Virginia Beach, VA",Msa,VA,2020-11-30,6794
395194,36,"Virginia Beach, VA",Msa,VA,2020-12-31,5930
394902,37,"Nashville, TN",Msa,TN,2017-11-30,8798
394902,37,"Nashville, TN",Msa,TN,2017-12-31,7856
394902,37,"Nashville, TN",Msa,TN,2018-01-31,7727
394902,37,"Nashville, TN",Msa,TN,2018-02-28,7886
394902,37,"Nashville, TN",Msa,TN,2018-03-31,8891
394902,37,"Nashville, TN",Msa,TN,2018-04-30,9612
394902,37,"Nashville, TN",Msa,TN,2018-05-31,10234
394902,37,"Nashville, TN",Msa,TN,2018-06-30,10954
394902,37,"Nashville, TN",Msa,TN,2018-07-31,11094
394902,37,"Nashville, TN",Msa,TN,2018-08-31,11280
394902,37,"Nashville, TN",Msa,TN,2018-09-30,11142
394902,37,"Nashville, TN",Msa,TN,2018-10-31,11246
394902,37,"Nashville, TN",Msa,TN,2018-11-30,10805
394902,37,"Nashville, TN",Msa,TN,2018-12-31,9868
394902,37,"Nashville, TN",Msa,TN,2019-01-31,10009
394902,37,"Nashville, TN",Msa,TN,2019-02-28,9903
394902,37,"Nashville, TN",Msa,TN,2019-03-31,10548
394902,37,"Nashville, TN",Msa,TN,2019-04-30,11246
394902,37,"Nashville, TN",Msa,TN,2019-05-31,11957
394902,37,"Nashville, TN",Msa,TN,2019-06-30,12495
394902,37,"Nashville, TN",Msa,TN,2019-07-31,12995
394902,37,"Nashville, TN",Msa,TN,2019-08-31,12496
394902,37,"Nashville, TN",Msa,TN,2019-09-30,12477
394902,37,"Nashville, TN",Msa,TN,2019-10-31,12810
394902,37,"Nashville, TN",Msa,TN,2019-11-30,11510
394902,37,"Nashville, TN",Msa,TN,2019-12-31,10479
394902,37,"Nashville, TN",Msa,TN,2020-01-31,10364
394902,37,"Nashville, TN",Msa,TN,2020-02-29,10301
394902,37,"Nashville, TN",Msa,TN,2020-03-31,10849
394902,37,"Nashville, TN",Msa,TN,2020-04-30,10721
394902,37,"Nashville, TN",Msa,TN,2020-05-31,11659
394902,37,"Nashville, TN",Msa,TN,2020-06-30,11708
394902,37,"Nashville, TN",Msa,TN,2020-07-31,11429
394902,37,"Nashville, TN",Msa,TN,2020-08-31,10802
394902,37,"Nashville, TN",Msa,TN,2020-09-30,10037
394902,37,"Nashville, TN",Msa,TN,2020-10-31,9699
394902,37,"Nashville, TN",Msa,TN,2020-11-30,8707
394902,37,"Nashville, TN",Msa,TN,2020-12-31,7544
395005,38,"Providence, RI",Msa,RI,2017-11-30,5847
395005,38,"Providence, RI",Msa,RI,2017-12-31,4921
395005,38,"Providence, RI",Msa,RI,2018-01-31,4437
395005,38,"Providence, RI",Msa,RI,2018-02-28,4400
395005,38,"Providence, RI",Msa,RI,2018-03-31,4797
395005,38,"Providence, RI",Msa,RI,2018-04-30,5569
395005,38,"Providence, RI",Msa,RI,2018-05-31,6359
395005,38,"Providence, RI",Msa,RI,2018-06-30,6845
395005,38,"Providence, RI",Msa,RI,2018-07-31,7015
395005,38,"Providence, RI",Msa,RI,2018-08-31,7129
395005,38,"Providence, RI",Msa,RI,2018-09-30,7092
395005,38,"Providence, RI",Msa,RI,2018-10-31,7113
395005,38,"Providence, RI",Msa,RI,2018-11-30,6363
395005,38,"Providence, RI",Msa,RI,2018-12-31,5345
395005,38,"Providence, RI",Msa,RI,2019-01-31,5007
395005,38,"Providence, RI",Msa,RI,2019-02-28,4896
395005,38,"Providence, RI",Msa,RI,2019-03-31,5237
395005,38,"Providence, RI",Msa,RI,2019-04-30,5880
395005,38,"Providence, RI",Msa,RI,2019-05-31,6462
395005,38,"Providence, RI",Msa,RI,2019-06-30,6573
395005,38,"Providence, RI",Msa,RI,2019-07-31,6467
395005,38,"Providence, RI",Msa,RI,2019-08-31,6485
395005,38,"Providence, RI",Msa,RI,2019-09-30,6600
395005,38,"Providence, RI",Msa,RI,2019-10-31,6471
395005,38,"Providence, RI",Msa,RI,2019-11-30,5683
395005,38,"Providence, RI",Msa,RI,2019-12-31,4892
395005,38,"Providence, RI",Msa,RI,2020-01-31,4601
395005,38,"Providence, RI",Msa,RI,2020-02-29,4536
395005,38,"Providence, RI",Msa,RI,2020-03-31,4716
395005,38,"Providence, RI",Msa,RI,2020-04-30,4254
395005,38,"Providence, RI",Msa,RI,2020-05-31,4661
395005,38,"Providence, RI",Msa,RI,2020-06-30,4804
395005,38,"Providence, RI",Msa,RI,2020-07-31,4777
395005,38,"Providence, RI",Msa,RI,2020-08-31,4614
395005,38,"Providence, RI",Msa,RI,2020-09-30,4521
395005,38,"Providence, RI",Msa,RI,2020-10-31,4458
395005,38,"Providence, RI",Msa,RI,2020-11-30,3847
395005,38,"Providence, RI",Msa,RI,2020-12-31,3091
394862,39,"Milwaukee, WI",Msa,WI,2017-11-30,3625
394862,39,"Milwaukee, WI",Msa,WI,2017-12-31,2995
394862,39,"Milwaukee, WI",Msa,WI,2018-01-31,2816
394862,39,"Milwaukee, WI",Msa,WI,2018-02-28,2815
394862,39,"Milwaukee, WI",Msa,WI,2018-03-31,3266
394862,39,"Milwaukee, WI",Msa,WI,2018-04-30,3649
394862,39,"Milwaukee, WI",Msa,WI,2018-05-31,4125
394862,39,"Milwaukee, WI",Msa,WI,2018-06-30,4001
394862,39,"Milwaukee, WI",Msa,WI,2018-07-31,4106
394862,39,"Milwaukee, WI",Msa,WI,2018-08-31,4105
394862,39,"Milwaukee, WI",Msa,WI,2018-09-30,3935
394862,39,"Milwaukee, WI",Msa,WI,2018-10-31,4037
394862,39,"Milwaukee, WI",Msa,WI,2018-11-30,3627
394862,39,"Milwaukee, WI",Msa,WI,2018-12-31,3073
394862,39,"Milwaukee, WI",Msa,WI,2019-01-31,2866
394862,39,"Milwaukee, WI",Msa,WI,2019-02-28,2814
394862,39,"Milwaukee, WI",Msa,WI,2019-03-31,3055
394862,39,"Milwaukee, WI",Msa,WI,2019-04-30,3242
394862,39,"Milwaukee, WI",Msa,WI,2019-05-31,3658
394862,39,"Milwaukee, WI",Msa,WI,2019-06-30,3887
394862,39,"Milwaukee, WI",Msa,WI,2019-07-31,3958
394862,39,"Milwaukee, WI",Msa,WI,2019-08-31,3942
394862,39,"Milwaukee, WI",Msa,WI,2019-09-30,3894
394862,39,"Milwaukee, WI",Msa,WI,2019-10-31,3782
394862,39,"Milwaukee, WI",Msa,WI,2019-11-30,3234
394862,39,"Milwaukee, WI",Msa,WI,2019-12-31,2779
394862,39,"Milwaukee, WI",Msa,WI,2020-01-31,2480
394862,39,"Milwaukee, WI",Msa,WI,2020-02-29,2683
394862,39,"Milwaukee, WI",Msa,WI,2020-03-31,3072
394862,39,"Milwaukee, WI",Msa,WI,2020-04-30,3007
394862,39,"Milwaukee, WI",Msa,WI,2020-05-31,3176
394862,39,"Milwaukee, WI",Msa,WI,2020-06-30,3415
394862,39,"Milwaukee, WI",Msa,WI,2020-07-31,3635
394862,39,"Milwaukee, WI",Msa,WI,2020-08-31,3795
394862,39,"Milwaukee, WI",Msa,WI,2020-09-30,3879
394862,39,"Milwaukee, WI",Msa,WI,2020-10-31,3915
394862,39,"Milwaukee, WI",Msa,WI,2020-11-30,3465
394862,39,"Milwaukee, WI",Msa,WI,2020-12-31,2879
394714,40,"Jacksonville, FL",Msa,FL,2017-11-30,8032
394714,40,"Jacksonville, FL",Msa,FL,2017-12-31,7455
394714,40,"Jacksonville, FL",Msa,FL,2018-01-31,7813
394714,40,"Jacksonville, FL",Msa,FL,2018-02-28,8606
394714,40,"Jacksonville, FL",Msa,FL,2018-03-31,9397
394714,40,"Jacksonville, FL",Msa,FL,2018-04-30,9745
394714,40,"Jacksonville, FL",Msa,FL,2018-05-31,9932
394714,40,"Jacksonville, FL",Msa,FL,2018-06-30,10100
394714,40,"Jacksonville, FL",Msa,FL,2018-07-31,10307
394714,40,"Jacksonville, FL",Msa,FL,2018-08-31,10163
394714,40,"Jacksonville, FL",Msa,FL,2018-09-30,9678
394714,40,"Jacksonville, FL",Msa,FL,2018-10-31,9673
394714,40,"Jacksonville, FL",Msa,FL,2018-11-30,9318
394714,40,"Jacksonville, FL",Msa,FL,2018-12-31,8432
394714,40,"Jacksonville, FL",Msa,FL,2019-01-31,8980
394714,40,"Jacksonville, FL",Msa,FL,2019-02-28,9391
394714,40,"Jacksonville, FL",Msa,FL,2019-03-31,10106
394714,40,"Jacksonville, FL",Msa,FL,2019-04-30,10910
