RegionID,SizeRank,RegionName,RegionType,StateName,Date,Value
753899,2,"Los Angeles-Long Beach-Anaheim, CA",Msa,CA,2018-01-31,6548
753899,2,"Los Angeles-Long Beach-Anaheim, CA",Msa,CA,2018-02-28,7557
753899,2,"Los Angeles-Long Beach-Anaheim, CA",Msa,CA,2018-03-31,9230
753899,2,"Los Angeles-Long Beach-Anaheim, CA",Msa,CA,2018-04-30,8131
753899,2,"Los Angeles-Long Beach-Anaheim, CA",Msa,CA,2018-05-31,9961
753899,2,"Los Angeles-Long Beach-Anaheim, CA",Msa,CA,2018-06-30,9133
753899,2,"Los Angeles-Long Beach-Anaheim, CA",Msa,CA,2018-07-31,9048
753899,2,"Los Angeles-Long Beach-Anaheim, CA",Msa,CA,2018-08-31,9264
753899,2,"Los Angeles-Long Beach-Anaheim, CA",Msa,CA,2018-09-30,7427
753899,2,"Los Angeles-Long Beach-Anaheim, CA",Msa,CA,2018-10-31,7702
753899,2,"Los Angeles-Long Beach-Anaheim, CA",Msa,CA,2018-11-30,6800
753899,2,"Los Angeles-Long Beach-Anaheim, CA",Msa,CA,2018-12-31,5207
753899,2,"Los Angeles-Long Beach-Anaheim, CA",Msa,CA,2019-01-31,6168
753899,2,"Los Angeles-Long Beach-Anaheim, CA",Msa,CA,2019-02-28,7135
753899,2,"Los Angeles-Long Beach-Anaheim, CA",Msa,CA,2019-03-31,8910
753899,2,"Los Angeles-Long Beach-Anaheim, CA",Msa,CA,2019-04-30,9329
753899,2,"Los Angeles-Long Beach-Anaheim, CA",Msa,CA,2019-05-31,10099
753899,2,"Los Angeles-Long Beach-Anaheim, CA",Msa,CA,2019-06-30,9195
753899,2,"Los Angeles-Long Beach-Anaheim, CA",Msa,CA,2019-07-31,9719
753899,2,"Los Angeles-Long Beach-Anaheim, CA",Msa,CA,2019-08-31,9616
753899,2,"Los Angeles-Long Beach-Anaheim, CA",Msa,CA,2019-09-30,8384
753899,2,"Los Angeles-Long Beach-Anaheim, CA",Msa,CA,2019-10-31,8687
753899,2,"Los Angeles-Long Beach-Anaheim, CA",Msa,CA,2019-11-30,7281
753899,2,"Los Angeles-Long Beach-Anaheim, CA",Msa,CA,2019-12-31,5751
753899,2,"Los Angeles-Long Beach-Anaheim, CA",Msa,CA,2020-01-31,6617
753899,2,"Los Angeles-Long Beach-Anaheim, CA",Msa,CA,2020-02-29,7674
753899,2,"Los Angeles-Long Beach-Anaheim, CA",Msa,CA,2020-03-31,7037
753899,2,"Los Angeles-Long Beach-Anaheim, CA",Msa,CA,2020-04-30,4230
753899,2,"Los Angeles-Long Beach-Anaheim, CA",Msa,CA,2020-05-31,6744
753899,2,"Los Angeles-Long Beach-Anaheim, CA",Msa,CA,2020-06-30,9106
753899,2,"Los Angeles-Long Beach-Anaheim, CA",Msa,CA,2020-07-31,9847
753899,2,"Los Angeles-Long Beach-Anaheim, CA",Msa,CA,2020-08-31,9850
753899,2,"Los Angeles-Long Beach-Anaheim, CA",Msa,CA,2020-09-30,9762
753899,2,"Los Angeles-Long Beach-Anaheim, CA",Msa,CA,2020-10-31,10780
753899,2,"Los Angeles-Long Beach-Anaheim, CA",Msa,CA,2020-11-30,8082
753899,2,"Los Angeles-Long Beach-Anaheim, CA",Msa,CA,2020-12-31,7398
394463,3,"Chicago, IL",Msa,IL,2018-01-31,8094
394463,3,"Chicago, IL",Msa,IL,2018-02-28,9548
394463,3,"Chicago, IL",Msa,IL,2018-03-31,13747
394463,3,"Chicago, IL",Msa,IL,2018-04-30,13619
394463,3,"Chicago, IL",Msa,IL,2018-05-31,14413
394463,3,"Chicago, IL",Msa,IL,2018-06-30,13240
394463,3,"Chicago, IL",Msa,IL,2018-07-31,12544
394463,3,"Chicago, IL",Msa,IL,2018-08-31,11770
394463,3,"Chicago, IL",Msa,IL,2018-09-30,9488
394463,3,"Chicago, IL",Msa,IL,2018-10-31,9710
394463,3,"Chicago, IL",Msa,IL,2018-11-30,7790
394463,3,"Chicago, IL",Msa,IL,2018-12-31,6022
394463,3,"Chicago, IL",Msa,IL,2019-01-31,7997
394463,3,"Chicago, IL",Msa,IL,2019-02-28,9455
394463,3,"Chicago, IL",Msa,IL,2019-03-31,13399
394463,3,"Chicago, IL",Msa,IL,2019-04-30,14782
394463,3,"Chicago, IL",Msa,IL,2019-05-31,14546
394463,3,"Chicago, IL",Msa,IL,2019-06-30,13444
394463,3,"Chicago, IL",Msa,IL,2019-07-31,12579
394463,3,"Chicago, IL",Msa,IL,2019-08-31,11538
394463,3,"Chicago, IL",Msa,IL,2019-09-30,10316
394463,3,"Chicago, IL",Msa,IL,2019-10-31,9889
394463,3,"Chicago, IL",Msa,IL,2019-11-30,8096
394463,3,"Chicago, IL",Msa,IL,2019-12-31,6511
394463,3,"Chicago, IL",Msa,IL,2020-01-31,9003
394463,3,"Chicago, IL",Msa,IL,2020-02-29,11372
394463,3,"Chicago, IL",Msa,IL,2020-03-31,12261
394463,3,"Chicago, IL",Msa,IL,2020-04-30,8215
394463,3,"Chicago, IL",Msa,IL,2020-05-31,12810
394463,3,"Chicago, IL",Msa,IL,2020-06-30,16839
394463,3,"Chicago, IL",Msa,IL,2020-07-31,16791
394463,3,"Chicago, IL",Msa,IL,2020-08-31,16335
394463,3,"Chicago, IL",Msa,IL,2020-09-30,14191
394463,3,"Chicago, IL",Msa,IL,2020-10-31,13085
394463,3,"Chicago, IL",Msa,IL,2020-11-30,10383
394463,3,"Chicago, IL",Msa,IL,2020-12-31,8582
394514,4,"Dallas-Fort Worth, TX",Msa,TX,2018-01-31,5959
394514,4,"Dallas-Fort Worth, TX",Msa,TX,2018-02-28,6285
394514,4,"Dallas-Fort Worth, TX",Msa,TX,2018-03-31,7416
394514,4,"Dallas-Fort Worth, TX",Msa,TX,2018-04-30,8016
394514,4,"Dallas-Fort Worth, TX",Msa,TX,2018-05-31,8809
394514,4,"Dallas-Fort Worth, TX",Msa,TX,2018-06-30,8390
394514,4,"Dallas-Fort Worth, TX",Msa,TX,2018-07-31,8599
394514,4,"Dallas-Fort Worth, TX",Msa,TX,2018-08-31,8004
394514,4,"Dallas-Fort Worth, TX",Msa,TX,2018-09-30,7029
394514,4,"Dallas-Fort Worth, TX",Msa,TX,2018-10-31,6535
394514,4,"Dallas-Fort Worth, TX",Msa,TX,2018-11-30,5945
394514,4,"Dallas-Fort Worth, TX",Msa,TX,2018-12-31,5110
394514,4,"Dallas-Fort Worth, TX",Msa,TX,2019-01-31,5526
394514,4,"Dallas-Fort Worth, TX",Msa,TX,2019-02-28,6593
394514,4,"Dallas-Fort Worth, TX",Msa,TX,2019-03-31,7990
394514,4,"Dallas-Fort Worth, TX",Msa,TX,2019-04-30,8839
394514,4,"Dallas-Fort Worth, TX",Msa,TX,2019-05-31,8821
394514,4,"Dallas-Fort Worth, TX",Msa,TX,2019-06-30,8636
394514,4,"Dallas-Fort Worth, TX",Msa,TX,2019-07-31,8918
394514,4,"Dallas-Fort Worth, TX",Msa,TX,2019-08-31,8145
394514,4,"Dallas-Fort Worth, TX",Msa,TX,2019-09-30,7396
394514,4,"Dallas-Fort Worth, TX",Msa,TX,2019-10-31,7070
394514,4,"Dallas-Fort Worth, TX",Msa,TX,2019-11-30,6450
394514,4,"Dallas-Fort Worth, TX",Msa,TX,2019-12-31,5797
394514,4,"Dallas-Fort Worth, TX",Msa,TX,2020-01-31,6203
394514,4,"Dallas-Fort Worth, TX",Msa,TX,2020-02-29,7470
394514,4,"Dallas-Fort Worth, TX",Msa,TX,2020-03-31,8440
394514,4,"Dallas-Fort Worth, TX",Msa,TX,2020-04-30,5973
394514,4,"Dallas-Fort Worth, TX",Msa,TX,2020-05-31,9118
394514,4,"Dallas-Fort Worth, TX",Msa,TX,2020-06-30,10766
394514,4,"Dallas-Fort Worth, TX",Msa,TX,2020-07-31,10726
394514,4,"Dallas-Fort Worth, TX",Msa,TX,2020-08-31,10362
394514,4,"Dallas-Fort Worth, TX",Msa,TX,2020-09-30,9445
394514,4,"Dallas-Fort Worth, TX",Msa,TX,2020-10-31,8790
394514,4,"Dallas-Fort Worth, TX",Msa,TX,2020-11-30,7936
394514,4,"Dallas-Fort Worth, TX",Msa,TX,2020-12-31,7122
394692,6,"Houston, TX",Msa,TX,2018-01-31,5979
394692,6,"Houston, TX",Msa,TX,2018-02-28,6623
394692,6,"Houston, TX",Msa,TX,2018-03-31,7994
394692,6,"Houston, TX",Msa,TX,2018-04-30,8219
394692,6,"Houston, TX",Msa,TX,2018-05-31,9089
394692,6,"Houston, TX",Msa,TX,2018-06-30,8677
394692,6,"Houston, TX",Msa,TX,2018-07-31,8560
394692,6,"Houston, TX",Msa,TX,2018-08-31,8208
394692,6,"Houston, TX",Msa,TX,2018-09-30,6237
394692,6,"Houston, TX",Msa,TX,2018-10-31,6745
394692,6,"Houston, TX",Msa,TX,2018-11-30,5868
394692,6,"Houston, TX",Msa,TX,2018-12-31,4732
394692,6,"Houston, TX",Msa,TX,2019-01-31,6261
394692,6,"Houston, TX",Msa,TX,2019-02-28,7048
394692,6,"Houston, TX",Msa,TX,2019-03-31,8209
394692,6,"Houston, TX",Msa,TX,2019-04-30,9172
394692,6,"Houston, TX",Msa,TX,2019-05-31,9120
394692,6,"Houston, TX",Msa,TX,2019-06-30,8862
394692,6,"Houston, TX",Msa,TX,2019-07-31,8868
394692,6,"Houston, TX",Msa,TX,2019-08-31,8139
394692,6,"Houston, TX",Msa,TX,2019-09-30,6977
394692,6,"Houston, TX",Msa,TX,2019-10-31,6999
394692,6,"Houston, TX",Msa,TX,2019-11-30,6247
394692,6,"Houston, TX",Msa,TX,2019-12-31,5177
394692,6,"Houston, TX",Msa,TX,2020-01-31,6647
394692,6,"Houston, TX",Msa,TX,2020-02-29,7716
394692,6,"Houston, TX",Msa,TX,2020-03-31,7729
394692,6,"Houston, TX",Msa,TX,2020-04-30,6167
394692,6,"Houston, TX",Msa,TX,2020-05-31,9560
394692,6,"Houston, TX",Msa,TX,2020-06-30,10837
394692,6,"Houston, TX",Msa,TX,2020-07-31,10335
394692,6,"Houston, TX",Msa,TX,2020-08-31,9847
394692,6,"Houston, TX",Msa,TX,2020-09-30,9009
394692,6,"Houston, TX",Msa,TX,2020-10-31,9015
394692,6,"Houston, TX",Msa,TX,2020-11-30,7819
394692,6,"Houston, TX",Msa,TX,2020-12-31,6980
394856,8,"Miami-Fort Lauderdale, FL",Msa,FL,2018-01-31,5193
394856,8,"Miami-Fort Lauderdale, FL",Msa,FL,2018-02-28,5257
394856,8,"Miami-Fort Lauderdale, FL",Msa,FL,2018-03-31,6114
394856,8,"Miami-Fort Lauderdale, FL",Msa,FL,2018-04-30,5735
394856,8,"Miami-Fort Lauderdale, FL",Msa,FL,2018-05-31,6071
394856,8,"Miami-Fort Lauderdale, FL",Msa,FL,2018-06-30,5406
394856,8,"Miami-Fort Lauderdale, FL",Msa,FL,2018-07-31,5207
394856,8,"Miami-Fort Lauderdale, FL",Msa,FL,2018-08-31,5286
394856,8,"Miami-Fort Lauderdale, FL",Msa,FL,2018-09-30,4602
394856,8,"Miami-Fort Lauderdale, FL",Msa,FL,2018-10-31,4968
394856,8,"Miami-Fort Lauderdale, FL",Msa,FL,2018-11-30,4149
394856,8,"Miami-Fort Lauderdale, FL",Msa,FL,2018-12-31,3510
394856,8,"Miami-Fort Lauderdale, FL",Msa,FL,2019-01-31,4778
394856,8,"Miami-Fort Lauderdale, FL",Msa,FL,2019-02-28,5870
394856,8,"Miami-Fort Lauderdale, FL",Msa,FL,2019-03-31,7027
394856,8,"Miami-Fort Lauderdale, FL",Msa,FL,2019-04-30,7199
394856,8,"Miami-Fort Lauderdale, FL",Msa,FL,2019-05-31,6728
394856,8,"Miami-Fort Lauderdale, FL",Msa,FL,2019-06-30,6201
394856,8,"Miami-Fort Lauderdale, FL",Msa,FL,2019-07-31,6312
394856,8,"Miami-Fort Lauderdale, FL",Msa,FL,2019-08-31,5920
394856,8,"Miami-Fort Lauderdale, FL",Msa,FL,2019-09-30,5386
394856,8,"Miami-Fort Lauderdale, FL",Msa,FL,2019-10-31,5981
394856,8,"Miami-Fort Lauderdale, FL",Msa,FL,2019-11-30,5092
394856,8,"Miami-Fort Lauderdale, FL",Msa,FL,2019-12-31,4436
394856,8,"Miami-Fort Lauderdale, FL",Msa,FL,2020-01-31,5920
394856,8,"Miami-Fort Lauderdale, FL",Msa,FL,2020-02-29,6863
394856,8,"Miami-Fort Lauderdale, FL",Msa,FL,2020-03-31,5890
394856,8,"Miami-Fort Lauderdale, FL",Msa,FL,2020-04-30,3073
394856,8,"Miami-Fort Lauderdale, FL",Msa,FL,2020-05-31,5432
394856,8,"Miami-Fort Lauderdale, FL",Msa,FL,2020-06-30,7280
394856,8,"Miami-Fort Lauderdale, FL",Msa,FL,2020-07-31,7393
394856,8,"Miami-Fort Lauderdale, FL",Msa,FL,2020-08-31,7190
394856,8,"Miami-Fort Lauderdale, FL",Msa,FL,2020-09-30,7316
394856,8,"Miami-Fort Lauderdale, FL",Msa,FL,2020-10-31,7173
394856,8,"Miami-Fort Lauderdale, FL",Msa,FL,2020-11-30,5957
394856,8,"Miami-Fort Lauderdale, FL",Msa,FL,2020-12-31,6169
394347,9,"Atlanta, GA",Msa,GA,2018-01-31,7941
394347,9,"Atlanta, GA",Msa,GA,2018-02-28,8490
394347,9,"Atlanta, GA",Msa,GA,2018-03-31,10445
394347,9,"Atlanta, GA",Msa,GA,2018-04-30,10401
394347,9,"Atlanta, GA",Msa,GA,2018-05-31,11127
394347,9,"Atlanta, GA",Msa,GA,2018-06-30,10555
394347,9,"Atlanta, GA",Msa,GA,2018-07-31,10586
394347,9,"Atlanta, GA",Msa,GA,2018-08-31,10396
394347,9,"Atlanta, GA",Msa,GA,2018-09-30,8377
394347,9,"Atlanta, GA",Msa,GA,2018-10-31,8988
394347,9,"Atlanta, GA",Msa,GA,2018-11-30,7147
394347,9,"Atlanta, GA",Msa,GA,2018-12-31,5786
394347,9,"Atlanta, GA",Msa,GA,2019-01-31,8241
394347,9,"Atlanta, GA",Msa,GA,2019-02-28,8864
394347,9,"Atlanta, GA",Msa,GA,2019-03-31,11196
394347,9,"Atlanta, GA",Msa,GA,2019-04-30,11813
394347,9,"Atlanta, GA",Msa,GA,2019-05-31,12019
394347,9,"Atlanta, GA",Msa,GA,2019-06-30,11278
394347,9,"Atlanta, GA",Msa,GA,2019-07-31,11015
394347,9,"Atlanta, GA",Msa,GA,2019-08-31,10299
394347,9,"Atlanta, GA",Msa,GA,2019-09-30,9481
394347,9,"Atlanta, GA",Msa,GA,2019-10-31,9617
394347,9,"Atlanta, GA",Msa,GA,2019-11-30,8207
394347,9,"Atlanta, GA",Msa,GA,2019-12-31,6732
394347,9,"Atlanta, GA",Msa,GA,2020-01-31,9164
394347,9,"Atlanta, GA",Msa,GA,2020-02-29,9378
394347,9,"Atlanta, GA",Msa,GA,2020-03-31,10185
394347,9,"Atlanta, GA",Msa,GA,2020-04-30,7896
394347,9,"Atlanta, GA",Msa,GA,2020-05-31,11037
394347,9,"Atlanta, GA",Msa,GA,2020-06-30,12315
394347,9,"Atlanta, GA",Msa,GA,2020-07-31,12122
394347,9,"Atlanta, GA",Msa,GA,2020-08-31,12297
394347,9,"Atlanta, GA",Msa,GA,2020-09-30,10946
394347,9,"Atlanta, GA",Msa,GA,2020-10-31,10523
394347,9,"Atlanta, GA",Msa,GA,2020-11-30,9405
394347,9,"Atlanta, GA",Msa,GA,2020-12-31,8345
394404,10,"Boston, MA",Msa,MA,2018-01-31,2264
394404,10,"Boston, MA",Msa,MA,2018-02-28,2751
394404,10,"Boston, MA",Msa,MA,2018-03-31,3919
394404,10,"Boston, MA",Msa,MA,2018-04-30,4415
394404,10,"Boston, MA",Msa,MA,2018-05-31,5809
394404,10,"Boston, MA",Msa,MA,2018-06-30,5569
394404,10,"Boston, MA",Msa,MA,2018-07-31,4388
394404,10,"Boston, MA",Msa,MA,2018-08-31,3849
394404,10,"Boston, MA",Msa,MA,2018-09-30,3551
394404,10,"Boston, MA",Msa,MA,2018-10-31,3921
394404,10,"Boston, MA",Msa,MA,2018-11-30,2823
394404,10,"Boston, MA",Msa,MA,2018-12-31,1944
394404,10,"Boston, MA",Msa,MA,2019-01-31,2589
394404,10,"Boston, MA",Msa,MA,2019-02-28,2759
394404,10,"Boston, MA",Msa,MA,2019-03-31,4053
394404,10,"Boston, MA",Msa,MA,2019-04-30,5101
394404,10,"Boston, MA",Msa,MA,2019-05-31,5362
394404,10,"Boston, MA",Msa,MA,2019-06-30,5112
394404,10,"Boston, MA",Msa,MA,2019-07-31,4187
394404,10,"Boston, MA",Msa,MA,2019-08-31,3805
394404,10,"Boston, MA",Msa,MA,2019-09-30,4013
394404,10,"Boston, MA",Msa,MA,2019-10-31,4133
394404,10,"Boston, MA",Msa,MA,2019-11-30,3157
394404,10,"Boston, MA",Msa,MA,2019-12-31,1928
394404,10,"Boston, MA",Msa,MA,2020-01-31,2426
394404,10,"Boston, MA",Msa,MA,2020-02-29,3173
394404,10,"Boston, MA",Msa,MA,2020-03-31,3826
394404,10,"Boston, MA",Msa,MA,2020-04-30,2278
394404,10,"Boston, MA",Msa,MA,2020-05-31,3876
394404,10,"Boston, MA",Msa,MA,2020-06-30,5256
394404,10,"Boston, MA",Msa,MA,2020-07-31,4632
394404,10,"Boston, MA",Msa,MA,2020-08-31,4445
394404,10,"Boston, MA",Msa,MA,2020-09-30,4340
394404,10,"Boston, MA",Msa,MA,2020-10-31,5060
394404,10,"Boston, MA",Msa,MA,2020-11-30,3450
394404,10,"Boston, MA",Msa,MA,2020-12-31,2425
395025,13,"Riverside, CA",Msa,CA,2018-01-31,4142
395025,13,"Riverside, CA",Msa,CA,2018-02-28,4566
395025,13,"Riverside, CA",Msa,CA,2018-03-31,5484
395025,13,"Riverside, CA",Msa,CA,2018-04-30,4781
395025,13,"Riverside, CA",Msa,CA,2018-05-31,5778
395025,13,"Riverside, CA",Msa,CA,2018-06-30,5236
395025,13,"Riverside, CA",Msa,CA,2018-07-31,5221
395025,13,"Riverside, CA",Msa,CA,2018-08-31,5319
395025,13,"Riverside, CA",Msa,CA,2018-09-30,4735
395025,13,"Riverside, CA",Msa,CA,2018-10-31,4446
395025,13,"Riverside, CA",Msa,CA,2018-11-30,3928
395025,13,"Riverside, CA",Msa,CA,2018-12-31,3144
395025,13,"Riverside, CA",Msa,CA,2019-01-31,4110
395025,13,"Riverside, CA",Msa,CA,2019-02-28,4269
395025,13,"Riverside, CA",Msa,CA,2019-03-31,5439
395025,13,"Riverside, CA",Msa,CA,2019-04-30,5716
395025,13,"Riverside, CA",Msa,CA,2019-05-31,6374
395025,13,"Riverside, CA",Msa,CA,2019-06-30,5995
395025,13,"Riverside, CA",Msa,CA,2019-07-31,6089
395025,13,"Riverside, CA",Msa,CA,2019-08-31,6050
395025,13,"Riverside, CA",Msa,CA,2019-09-30,5313
395025,13,"Riverside, CA",Msa,CA,2019-10-31,5575
395025,13,"Riverside, CA",Msa,CA,2019-11-30,4629
395025,13,"Riverside, CA",Msa,CA,2019-12-31,3919
395025,13,"Riverside, CA",Msa,CA,2020-01-31,5035
395025,13,"Riverside, CA",Msa,CA,2020-02-29,5771
395025,13,"Riverside, CA",Msa,CA,2020-03-31,5115
395025,13,"Riverside, CA",Msa,CA,2020-04-30,3659
395025,13,"Riverside, CA",Msa,CA,2020-05-31,5712
395025,13,"Riverside, CA",Msa,CA,2020-06-30,6848
395025,13,"Riverside, CA",Msa,CA,2020-07-31,6737
395025,13,"Riverside, CA",Msa,CA,2020-08-31,6393
395025,13,"Riverside, CA",Msa,CA,2020-09-30,6087
395025,13,"Riverside, CA",Msa,CA,2020-10-31,6630
395025,13,"Riverside, CA",Msa,CA,2020-11-30,5216
395025,13,"Riverside, CA",Msa,CA,2020-12-31,4767
394976,14,"Phoenix, AZ",Msa,AZ,2018-11-30,3722
394976,14,"Phoenix, AZ",Msa,AZ,2018-12-31,3380
394976,14,"Phoenix, AZ",Msa,AZ,2019-01-31,4652
394976,14,"Phoenix, AZ",Msa,AZ,2019-02-28,5395
394976,14,"Phoenix, AZ",Msa,AZ,2019-03-31,6237
394976,14,"Phoenix, AZ",Msa,AZ,2019-04-30,6885
394976,14,"Phoenix, AZ",Msa,AZ,2019-05-31,6726
394976,14,"Phoenix, AZ",Msa,AZ,2019-06-30,5965
394976,14,"Phoenix, AZ",Msa,AZ,2019-07-31,5999
394976,14,"Phoenix, AZ",Msa,AZ,2019-08-31,5761
394976,14,"Phoenix, AZ",Msa,AZ,2019-09-30,5257
394976,14,"Phoenix, AZ",Msa,AZ,2019-10-31,5383
394976,14,"Phoenix, AZ",Msa,AZ,2019-11-30,4817
394976,14,"Phoenix, AZ",Msa,AZ,2019-12-31,4159
394976,14,"Phoenix, AZ",Msa,AZ,2020-01-31,5444
394976,14,"Phoenix, AZ",Msa,AZ,2020-02-29,5952
394976,14,"Phoenix, AZ",Msa,AZ,2020-03-31,5662
394976,14,"Phoenix, AZ",Msa,AZ,2020-04-30,4560
394976,14,"Phoenix, AZ",Msa,AZ,2020-05-31,5919
394976,14,"Phoenix, AZ",Msa,AZ,2020-06-30,6591
394976,14,"Phoenix, AZ",Msa,AZ,2020-07-31,6173
394976,14,"Phoenix, AZ",Msa,AZ,2020-08-31,6203
394976,14,"Phoenix, AZ",Msa,AZ,2020-09-30,6613
394976,14,"Phoenix, AZ",Msa,AZ,2020-10-31,6741
394976,14,"Phoenix, AZ",Msa,AZ,2020-11-30,5899
394976,14,"Phoenix, AZ",Msa,AZ,2020-12-31,5380
394865,16,"Minneapolis-St Paul, MN",Msa,MN,2018-01-31,1297
394865,16,"Minneapolis-St Paul, MN",Msa,MN,2018-02-28,1536
394865,16,"Minneapolis-St Paul, MN",Msa,MN,2018-03-31,2010
394865,16,"Minneapolis-St Paul, MN",Msa,MN,2018-04-30,1912
394865,16,"Minneapolis-St Paul, MN",Msa,MN,2018-05-31,2670
394865,16,"Minneapolis-St Paul, MN",Msa,MN,2018-06-30,2528
394865,16,"Minneapolis-St Paul, MN",Msa,MN,2018-07-31,2518
394865,16,"Minneapolis-St Paul, MN",Msa,MN,2018-08-31,2477
394865,16,"Minneapolis-St Paul, MN",Msa,MN,2018-09-30,2156
394865,16,"Minneapolis-St Paul, MN",Msa,MN,2018-10-31,2222
394865,16,"Minneapolis-St Paul, MN",Msa,MN,2018-11-30,1818
394865,16,"Minneapolis-St Paul, MN",Msa,MN,2018-12-31,1307
394865,16,"Minneapolis-St Paul, MN",Msa,MN,2019-01-31,1447
394865,16,"Minneapolis-St Paul, MN",Msa,MN,2019-02-28,1976
394865,16,"Minneapolis-St Paul, MN",Msa,MN,2019-03-31,2460
394865,16,"Minneapolis-St Paul, MN",Msa,MN,2019-04-30,3218
394865,16,"Minneapolis-St Paul, MN",Msa,MN,2019-05-31,3743
394865,16,"Minneapolis-St Paul, MN",Msa,MN,2019-06-30,3771
394865,16,"Minneapolis-St Paul, MN",Msa,MN,2019-07-31,3650
394865,16,"Minneapolis-St Paul, MN",Msa,MN,2019-08-31,3580
394865,16,"Minneapolis-St Paul, MN",Msa,MN,2019-09-30,3088
394865,16,"Minneapolis-St Paul, MN",Msa,MN,2019-10-31,3061
394865,16,"Minneapolis-St Paul, MN",Msa,MN,2019-11-30,2421
394865,16,"Minneapolis-St Paul, MN",Msa,MN,2019-12-31,1979
394865,16,"Minneapolis-St Paul, MN",Msa,MN,2020-01-31,1953
394865,16,"Minneapolis-St Paul, MN",Msa,MN,2020-02-29,2440
394865,16,"Minneapolis-St Paul, MN",Msa,MN,2020-03-31,3299
394865,16,"Minneapolis-St Paul, MN",Msa,MN,2020-04-30,2784
394865,16,"Minneapolis-St Paul, MN",Msa,MN,2020-05-31,3324
394865,16,"Minneapolis-St Paul, MN",Msa,MN,2020-06-30,4130
394865,16,"Minneapolis-St Paul, MN",Msa,MN,2020-07-31,4149
394865,16,"Minneapolis-St Paul, MN",Msa,MN,2020-08-31,4396
394865,16,"Minneapolis-St Paul, MN",Msa,MN,2020-09-30,4121
394865,16,"Minneapolis-St Paul, MN",Msa,MN,2020-10-31,3841
394865,16,"Minneapolis-St Paul, MN",Msa,MN,2020-11-30,2874
394865,16,"Minneapolis-St Paul, MN",Msa,MN,2020-12-31,2286
395056,17,"San Diego, CA",Msa,CA,2020-06-30,3871
395056,17,"San Diego, CA",Msa,CA,2020-07-31,4159
395056,17,"San Diego, CA",Msa,CA,2020-08-31,4071
395056,17,"San Diego, CA",Msa,CA,2020-09-30,3807
395056,17,"San Diego, CA",Msa,CA,2020-10-31,3834
395056,17,"San Diego, CA",Msa,CA,2020-11-30,3206
395056,17,"San Diego, CA",Msa,CA,2020-12-31,2719
395121,18,"St. Louis, MO",Msa,MO,2018-01-31,2747
395121,18,"St. Louis, MO",Msa,MO,2018-02-28,3028
395121,18,"St. Louis, MO",Msa,MO,2018-03-31,4036
395121,18,"St. Louis, MO",Msa,MO,2018-04-30,4189
395121,18,"St. Louis, MO",Msa,MO,2018-05-31,4454
395121,18,"St. Louis, MO",Msa,MO,2018-06-30,4218
395121,18,"St. Louis, MO",Msa,MO,2018-07-31,4227
395121,18,"St. Louis, MO",Msa,MO,2018-08-31,4081
395121,18,"St. Louis, MO",Msa,MO,2018-09-30,3259
395121,18,"St. Louis, MO",Msa,MO,2018-10-31,3479
395121,18,"St. Louis, MO",Msa,MO,2018-11-30,2854
395121,18,"St. Louis, MO",Msa,MO,2018-12-31,2282
395121,18,"St. Louis, MO",Msa,MO,2019-01-31,3053
395121,18,"St. Louis, MO",Msa,MO,2019-02-28,3054
395121,18,"St. Louis, MO",Msa,MO,2019-03-31,4196
395121,18,"St. Louis, MO",Msa,MO,2019-04-30,4527
395121,18,"St. Louis, MO",Msa,MO,2019-05-31,4473
395121,18,"St. Louis, MO",Msa,MO,2019-06-30,4351
395121,18,"St. Louis, MO",Msa,MO,2019-07-31,4271
395121,18,"St. Louis, MO",Msa,MO,2019-08-31,3888
395121,18,"St. Louis, MO",Msa,MO,2019-09-30,3597
395121,18,"St. Louis, MO",Msa,MO,2019-10-31,3493
395121,18,"St. Louis, MO",Msa,MO,2019-11-30,2898
395121,18,"St. Louis, MO",Msa,MO,2019-12-31,2340
395121,18,"St. Louis, MO",Msa,MO,2020-01-31,2995
395121,18,"St. Louis, MO",Msa,MO,2020-02-29,3300
395121,18,"St. Louis, MO",Msa,MO,2020-03-31,3907
395121,18,"St. Louis, MO",Msa,MO,2020-04-30,3256
395121,18,"St. Louis, MO",Msa,MO,2020-05-31,4425
395121,18,"St. Louis, MO",Msa,MO,2020-06-30,4808
395121,18,"St. Louis, MO",Msa,MO,2020-07-31,4742
395121,18,"St. Louis, MO",Msa,MO,2020-08-31,4792
395121,18,"St. Louis, MO",Msa,MO,2020-09-30,4444
395121,18,"St. Louis, MO",Msa,MO,2020-10-31,4474
395121,18,"St. Louis, MO",Msa,MO,2020-11-30,3592
395121,18,"St. Louis, MO",Msa,MO,2020-12-31,2983
394358,20,"Baltimore, MD",Msa,MD,2018-08-31,3637.251125
394358,20,"Baltimore, MD",Msa,MD,2018-09-30,2547.078574
394358,20,"Baltimore, MD",Msa,MD,2018-10-31,2847.914626
394358,20,"Baltimore, MD",Msa,MD,2018-11-30,2339.358443
394358,20,"Baltimore, MD",Msa,MD,2018-12-31,1830.80226
394358,20,"Baltimore, MD",Msa,MD,2019-01-31,2280.623785
394358,20,"Baltimore, MD",Msa,MD,2019-02-28,2455.395206
394358,20,"Baltimore, MD",Msa,MD,2019-03-31,3347.875494
394358,20,"Baltimore, MD",Msa,MD,2019-04-30,3807.724887
394358,20,"Baltimore, MD",Msa,MD,2019-05-31,3757.585545
394358,20,"Baltimore, MD",Msa,MD,2019-06-30,3445.289072
394358,20,"Baltimore, MD",Msa,MD,2019-07-31,3377.959099
394358,20,"Baltimore, MD",Msa,MD,2019-08-31,3153.048336
394358,20,"Baltimore, MD",Msa,MD,2019-09-30,2971.114152
394358,20,"Baltimore, MD",Msa,MD,2019-10-31,3034.146468
394358,20,"Baltimore, MD",Msa,MD,2019-11-30,2521.292627
394358,20,"Baltimore, MD",Msa,MD,2019-12-31,1994.113259
394358,20,"Baltimore, MD",Msa,MD,2020-01-31,2502.669443
394358,20,"Baltimore, MD",Msa,MD,2020-02-29,2885.160994
394358,20,"Baltimore, MD",Msa,MD,2020-03-31,3337.847625
394358,20,"Baltimore, MD",Msa,MD,2020-04-30,2465.423074
394358,20,"Baltimore, MD",Msa,MD,2020-05-31,3435.261204
394358,20,"Baltimore, MD",Msa,MD,2020-06-30,3840.673598
394358,20,"Baltimore, MD",Msa,MD,2020-07-31,3748.99023
394358,20,"Baltimore, MD",Msa,MD,2020-08-31,3362.20102
394358,20,"Baltimore, MD",Msa,MD,2020-09-30,4147.23986
394358,20,"Baltimore, MD",Msa,MD,2020-10-31,4300
394358,20,"Baltimore, MD",Msa,MD,2020-11-30,3336
394358,20,"Baltimore, MD",Msa,MD,2020-12-31,2771
394530,21,"Denver, CO",Msa,CO,2018-01-31,3658
394530,21,"Denver, CO",Msa,CO,2018-02-28,3908
394530,21,"Denver, CO",Msa,CO,2018-03-31,4673
394530,21,"Denver, CO",Msa,CO,2018-04-30,5109
394530,21,"Denver, CO",Msa,CO,2018-05-31,5539
394530,21,"Denver, CO",Msa,CO,2018-06-30,5660
394530,21,"Denver, CO",Msa,CO,2018-07-31,5442
394530,21,"Denver, CO",Msa,CO,2018-08-31,5148
394530,21,"Denver, CO",Msa,CO,2018-09-30,4204
394530,21,"Denver, CO",Msa,CO,2018-10-31,4395
394530,21,"Denver, CO",Msa,CO,2018-11-30,3696
394530,21,"Denver, CO",Msa,CO,2018-12-31,2950
394530,21,"Denver, CO",Msa,CO,2019-01-31,3783
394530,21,"Denver, CO",Msa,CO,2019-02-28,4211
394530,21,"Denver, CO",Msa,CO,2019-03-31,5206
394530,21,"Denver, CO",Msa,CO,2019-04-30,5933
394530,21,"Denver, CO",Msa,CO,2019-05-31,6352
394530,21,"Denver, CO",Msa,CO,2019-06-30,5897
394530,21,"Denver, CO",Msa,CO,2019-07-31,5513
394530,21,"Denver, CO",Msa,CO,2019-08-31,5417
394530,21,"Denver, CO",Msa,CO,2019-09-30,4914
394530,21,"Denver, CO",Msa,CO,2019-10-31,4720
394530,21,"Denver, CO",Msa,CO,2019-11-30,3962
394530,21,"Denver, CO",Msa,CO,2019-12-31,2947
394530,21,"Denver, CO",Msa,CO,2020-01-31,3778
394530,21,"Denver, CO",Msa,CO,2020-02-29,4003
394530,21,"Denver, CO",Msa,CO,2020-03-31,4724
394530,21,"Denver, CO",Msa,CO,2020-04-30,2888
394530,21,"Denver, CO",Msa,CO,2020-05-31,6151
394530,21,"Denver, CO",Msa,CO,2020-06-30,6800
394530,21,"Denver, CO",Msa,CO,2020-07-31,6294
394530,21,"Denver, CO",Msa,CO,2020-08-31,6584
394530,21,"Denver, CO",Msa,CO,2020-09-30,5844
394530,21,"Denver, CO",Msa,CO,2020-10-31,5446
394530,21,"Denver, CO",Msa,CO,2020-11-30,4261
394530,21,"Denver, CO",Msa,CO,2020-12-31,3281
394998,23,"Portland, OR",Msa,OR,2018-01-31,2805
394998,23,"Portland, OR",Msa,OR,2018-02-28,2841
394998,23,"Portland, OR",Msa,OR,2018-03-31,3351
394998,23,"Portland, OR",Msa,OR,2018-04-30,3411
394998,23,"Portland, OR",Msa,OR,2018-05-31,4112
394998,23,"Portland, OR",Msa,OR,2018-06-30,3999
394998,23,"Portland, OR",Msa,OR,2018-07-31,4036
394998,23,"Portland, OR",Msa,OR,2018-08-31,3773
394998,23,"Portland, OR",Msa,OR,2018-09-30,3177
394998,23,"Portland, OR",Msa,OR,2018-10-31,3304
394998,23,"Portland, OR",Msa,OR,2018-11-30,2542
394998,23,"Portland, OR",Msa,OR,2018-12-31,1971
394998,23,"Portland, OR",Msa,OR,2019-01-31,2428
394998,23,"Portland, OR",Msa,OR,2019-02-28,2583
394998,23,"Portland, OR",Msa,OR,2019-03-31,3294
394998,23,"Portland, OR",Msa,OR,2019-04-30,3778
394998,23,"Portland, OR",Msa,OR,2019-05-31,3992
394998,23,"Portland, OR",Msa,OR,2019-06-30,3830
394998,23,"Portland, OR",Msa,OR,2019-07-31,3932
394998,23,"Portland, OR",Msa,OR,2019-08-31,3681
394998,23,"Portland, OR",Msa,OR,2019-09-30,3313
394998,23,"Portland, OR",Msa,OR,2019-10-31,3175
394998,23,"Portland, OR",Msa,OR,2019-11-30,2674
394998,23,"Portland, OR",Msa,OR,2019-12-31,1920
394998,23,"Portland, OR",Msa,OR,2020-01-31,2629
394998,23,"Portland, OR",Msa,OR,2020-02-29,2880
394998,23,"Portland, OR",Msa,OR,2020-03-31,3238
394998,23,"Portland, OR",Msa,OR,2020-04-30,2495
394998,23,"Portland, OR",Msa,OR,2020-05-31,3847
394998,23,"Portland, OR",Msa,OR,2020-06-30,4325
394998,23,"Portland, OR",Msa,OR,2020-07-31,4462
394998,23,"Portland, OR",Msa,OR,2020-08-31,4607
394998,23,"Portland, OR",Msa,OR,2020-09-30,4034
394998,23,"Portland, OR",Msa,OR,2020-10-31,4076
394998,23,"Portland, OR",Msa,OR,2020-11-30,3254
394998,23,"Portland, OR",Msa,OR,2020-12-31,2520
394458,24,"Charlotte, NC",Msa,NC,2018-01-31,2284
394458,24,"Charlotte, NC",Msa,NC,2018-02-28,2737
394458,24,"Charlotte, NC",Msa,NC,2018-03-31,3318
394458,24,"Charlotte, NC",Msa,NC,2018-04-30,3675
394458,24,"Charlotte, NC",Msa,NC,2018-05-31,4069
394458,24,"Charlotte, NC",Msa,NC,2018-06-30,4021
394458,24,"Charlotte, NC",Msa,NC,2018-07-31,3953
394458,24,"Charlotte, NC",Msa,NC,2018-08-31,3761
394458,24,"Charlotte, NC",Msa,NC,2018-09-30,2658
394458,24,"Charlotte, NC",Msa,NC,2018-10-31,2964
394458,24,"Charlotte, NC",Msa,NC,2018-11-30,2583
394458,24,"Charlotte, NC",Msa,NC,2018-12-31,1917
394458,24,"Charlotte, NC",Msa,NC,2019-01-31,2719
394458,24,"Charlotte, NC",Msa,NC,2019-02-28,3069
394458,24,"Charlotte, NC",Msa,NC,2019-03-31,3825
394458,24,"Charlotte, NC",Msa,NC,2019-04-30,4127
394458,24,"Charlotte, NC",Msa,NC,2019-05-31,4338
394458,24,"Charlotte, NC",Msa,NC,2019-06-30,4170
394458,24,"Charlotte, NC",Msa,NC,2019-07-31,3627
394458,24,"Charlotte, NC",Msa,NC,2019-08-31,3394
394458,24,"Charlotte, NC",Msa,NC,2019-09-30,3034
394458,24,"Charlotte, NC",Msa,NC,2019-10-31,2977
394458,24,"Charlotte, NC",Msa,NC,2019-11-30,2388
394458,24,"Charlotte, NC",Msa,NC,2019-12-31,1827
394458,24,"Charlotte, NC",Msa,NC,2020-01-31,2598
394458,24,"Charlotte, NC",Msa,NC,2020-02-29,2703
394458,24,"Charlotte, NC",Msa,NC,2020-03-31,2947
394458,24,"Charlotte, NC",Msa,NC,2020-04-30,2260
394458,24,"Charlotte, NC",Msa,NC,2020-05-31,3587
394458,24,"Charlotte, NC",Msa,NC,2020-06-30,3490
394458,24,"Charlotte, NC",Msa,NC,2020-07-31,3175
394458,24,"Charlotte, NC",Msa,NC,2020-08-31,3274
394458,24,"Charlotte, NC",Msa,NC,2020-09-30,3056
394458,24,"Charlotte, NC",Msa,NC,2020-10-31,2862
394458,24,"Charlotte, NC",Msa,NC,2020-11-30,2433
394458,24,"Charlotte, NC",Msa,NC,2020-12-31,1796
395045,25,"Sacramento, CA",Msa,CA,2018-01-31,2226
395045,25,"Sacramento, CA",Msa,CA,2018-02-28,2421
395045,25,"Sacramento, CA",Msa,CA,2018-03-31,3100
395045,25,"Sacramento, CA",Msa,CA,2018-04-30,3051
395045,25,"Sacramento, CA",Msa,CA,2018-05-31,3644
395045,25,"Sacramento, CA",Msa,CA,2018-06-30,3414
395045,25,"Sacramento, CA",Msa,CA,2018-07-31,3339
395045,25,"Sacramento, CA",Msa,CA,2018-08-31,3371
395045,25,"Sacramento, CA",Msa,CA,2018-09-30,2640
395045,25,"Sacramento, CA",Msa,CA,2018-10-31,2885
395045,25,"Sacramento, CA",Msa,CA,2018-11-30,2402
395045,25,"Sacramento, CA",Msa,CA,2018-12-31,1839
395045,25,"Sacramento, CA",Msa,CA,2019-01-31,2243
395045,25,"Sacramento, CA",Msa,CA,2019-02-28,2486
395045,25,"Sacramento, CA",Msa,CA,2019-03-31,3013
395045,25,"Sacramento, CA",Msa,CA,2019-04-30,3410
395045,25,"Sacramento, CA",Msa,CA,2019-05-31,3695
395045,25,"Sacramento, CA",Msa,CA,2019-06-30,3465
395045,25,"Sacramento, CA",Msa,CA,2019-07-31,3502
395045,25,"Sacramento, CA",Msa,CA,2019-08-31,3349
395045,25,"Sacramento, CA",Msa,CA,2019-09-30,2976
395045,25,"Sacramento, CA",Msa,CA,2019-10-31,2873
395045,25,"Sacramento, CA",Msa,CA,2019-11-30,2403
395045,25,"Sacramento, CA",Msa,CA,2019-12-31,1896
395045,25,"Sacramento, CA",Msa,CA,2020-01-31,2317
395045,25,"Sacramento, CA",Msa,CA,2020-02-29,2619
395045,25,"Sacramento, CA",Msa,CA,2020-03-31,2562
395045,25,"Sacramento, CA",Msa,CA,2020-04-30,2020
395045,25,"Sacramento, CA",Msa,CA,2020-05-31,3140
395045,25,"Sacramento, CA",Msa,CA,2020-06-30,3948
395045,25,"Sacramento, CA",Msa,CA,2020-07-31,3983
395045,25,"Sacramento, CA",Msa,CA,2020-08-31,3897
395045,25,"Sacramento, CA",Msa,CA,2020-09-30,3664
395045,25,"Sacramento, CA",Msa,CA,2020-10-31,3547
395045,25,"Sacramento, CA",Msa,CA,2020-11-30,2861
395045,25,"Sacramento, CA",Msa,CA,2020-12-31,2315
395055,26,"San Antonio, TX",Msa,TX,2019-03-31,1893
395055,26,"San Antonio, TX",Msa,TX,2019-04-30,2213
395055,26,"San Antonio, TX",Msa,TX,2019-05-31,2344
395055,26,"San Antonio, TX",Msa,TX,2019-06-30,2147
395055,26,"San Antonio, TX",Msa,TX,2019-07-31,2022
395055,26,"San Antonio, TX",Msa,TX,2019-08-31,1970
395055,26,"San Antonio, TX",Msa,TX,2019-09-30,2033
395055,26,"San Antonio, TX",Msa,TX,2019-10-31,1879
395055,26,"San Antonio, TX",Msa,TX,2019-11-30,1690
395055,26,"San Antonio, TX",Msa,TX,2019-12-31,1595
395055,26,"San Antonio, TX",Msa,TX,2020-01-31,1723
395055,26,"San Antonio, TX",Msa,TX,2020-02-29,1952
395055,26,"San Antonio, TX",Msa,TX,2020-03-31,2354
395055,26,"San Antonio, TX",Msa,TX,2020-04-30,1793
395055,26,"San Antonio, TX",Msa,TX,2020-05-31,2574
395055,26,"San Antonio, TX",Msa,TX,2020-06-30,3060
395055,26,"San Antonio, TX",Msa,TX,2020-07-31,3017
395055,26,"San Antonio, TX",Msa,TX,2020-08-31,2808
395055,26,"San Antonio, TX",Msa,TX,2020-09-30,2727
395055,26,"San Antonio, TX",Msa,TX,2020-10-31,2677
395055,26,"San Antonio, TX",Msa,TX,2020-11-30,2375
395055,26,"San Antonio, TX",Msa,TX,2020-12-31,2249
394466,28,"Cincinnati, OH",Msa,OH,2018-01-31,1814
394466,28,"Cincinnati, OH",Msa,OH,2018-02-28,2235
394466,28,"Cincinnati, OH",Msa,OH,2018-03-31,2658
394466,28,"Cincinnati, OH",Msa,OH,2018-04-30,2543
394466,28,"Cincinnati, OH",Msa,OH,2018-05-31,3077
394466,28,"Cincinnati, OH",Msa,OH,2018-06-30,2848
394466,28,"Cincinnati, OH",Msa,OH,2018-07-31,3018
394466,28,"Cincinnati, OH",Msa,OH,2018-08-31,2787
394466,28,"Cincinnati, OH",Msa,OH,2018-09-30,2260
394466,28,"Cincinnati, OH",Msa,OH,2018-10-31,2366
394466,28,"Cincinnati, OH",Msa,OH,2018-11-30,1935
394466,28,"Cincinnati, OH",Msa,OH,2018-12-31,1447
394466,28,"Cincinnati, OH",Msa,OH,2019-01-31,2035
394466,28,"Cincinnati, OH",Msa,OH,2019-02-28,2354
394466,28,"Cincinnati, OH",Msa,OH,2019-03-31,2869
394466,28,"Cincinnati, OH",Msa,OH,2019-04-30,3188
394466,28,"Cincinnati, OH",Msa,OH,2019-05-31,3217
394466,28,"Cincinnati, OH",Msa,OH,2019-06-30,3215
394466,28,"Cincinnati, OH",Msa,OH,2019-07-31,3183
394466,28,"Cincinnati, OH",Msa,OH,2019-08-31,2908
394466,28,"Cincinnati, OH",Msa,OH,2019-09-30,2777
394466,28,"Cincinnati, OH",Msa,OH,2019-10-31,2601
394466,28,"Cincinnati, OH",Msa,OH,2019-11-30,2155
394466,28,"Cincinnati, OH",Msa,OH,2019-12-31,1620
394466,28,"Cincinnati, OH",Msa,OH,2020-01-31,2352
394466,28,"Cincinnati, OH",Msa,OH,2020-02-29,2340
394466,28,"Cincinnati, OH",Msa,OH,2020-03-31,2634
394466,28,"Cincinnati, OH",Msa,OH,2020-04-30,2399
394466,28,"Cincinnati, OH",Msa,OH,2020-05-31,3088
394466,28,"Cincinnati, OH",Msa,OH,2020-06-30,3273
394466,28,"Cincinnati, OH",Msa,OH,2020-07-31,3257
394466,28,"Cincinnati, OH",Msa,OH,2020-08-31,3242
394466,28,"Cincinnati, OH",Msa,OH,2020-09-30,3033
394466,28,"Cincinnati, OH",Msa,OH,2020-10-31,3092
394466,28,"Cincinnati, OH",Msa,OH,2020-11-30,2482
394466,28,"Cincinnati, OH",Msa,OH,2020-12-31,1938
394475,29,"Cleveland, OH",Msa,OH,2018-01-31,1277
394475,29,"Cleveland, OH",Msa,OH,2018-02-28,1384
394475,29,"Cleveland, OH",Msa,OH,2018-03-31,1881
394475,29,"Cleveland, OH",Msa,OH,2018-04-30,1985
394475,29,"Cleveland, OH",Msa,OH,2018-05-31,2300
394475,29,"Cleveland, OH",Msa,OH,2018-06-30,2118
394475,29,"Cleveland, OH",Msa,OH,2018-07-31,2310
394475,29,"Cleveland, OH",Msa,OH,2018-08-31,2048
394475,29,"Cleveland, OH",Msa,OH,2018-09-30,1761
394475,29,"Cleveland, OH",Msa,OH,2018-10-31,1877
394475,29,"Cleveland, OH",Msa,OH,2018-11-30,1518
394475,29,"Cleveland, OH",Msa,OH,2018-12-31,1252
394475,29,"Cleveland, OH",Msa,OH,2019-01-31,1278
394475,29,"Cleveland, OH",Msa,OH,2019-02-28,1403
394475,29,"Cleveland, OH",Msa,OH,2019-03-31,1900
394475,29,"Cleveland, OH",Msa,OH,2019-04-30,2286
394475,29,"Cleveland, OH",Msa,OH,2019-05-31,2221
394475,29,"Cleveland, OH",Msa,OH,2019-06-30,2265
394475,29,"Cleveland, OH",Msa,OH,2019-07-31,2270
394475,29,"Cleveland, OH",Msa,OH,2019-08-31,2101
394475,29,"Cleveland, OH",Msa,OH,2019-09-30,1933
394475,29,"Cleveland, OH",Msa,OH,2019-10-31,1956
394475,29,"Cleveland, OH",Msa,OH,2019-11-30,1570
394475,29,"Cleveland, OH",Msa,OH,2019-12-31,1688
394475,29,"Cleveland, OH",Msa,OH,2020-01-31,1745
394475,29,"Cleveland, OH",Msa,OH,2020-02-29,1825
394475,29,"Cleveland, OH",Msa,OH,2020-03-31,2250
394475,29,"Cleveland, OH",Msa,OH,2020-04-30,1844
394475,29,"Cleveland, OH",Msa,OH,2020-05-31,2381
394475,29,"Cleveland, OH",Msa,OH,2020-06-30,2723
394475,29,"Cleveland, OH",Msa,OH,2020-07-31,2736
394475,29,"Cleveland, OH",Msa,OH,2020-08-31,2859
394475,29,"Cleveland, OH",Msa,OH,2020-09-30,3378
394475,29,"Cleveland, OH",Msa,OH,2020-10-31,2789
394475,29,"Cleveland, OH",Msa,OH,2020-11-30,2245
394475,29,"Cleveland, OH",Msa,OH,2020-12-31,1868
394775,31,"Las Vegas, NV",Msa,NV,2018-06-30,4176
394775,31,"Las Vegas, NV",Msa,NV,2018-07-31,2318
394775,31,"Las Vegas, NV",Msa,NV,2018-08-31,2550
394775,31,"Las Vegas, NV",Msa,NV,2018-09-30,2206
394775,31,"Las Vegas, NV",Msa,NV,2018-10-31,1608
394775,31,"Las Vegas, NV",Msa,NV,2018-11-30,1467
394775,31,"Las Vegas, NV",Msa,NV,2018-12-31,1251
394775,31,"Las Vegas, NV",Msa,NV,2019-01-31,1526
394775,31,"Las Vegas, NV",Msa,NV,2019-02-28,1712
394775,31,"Las Vegas, NV",Msa,NV,2019-03-31,2069
394775,31,"Las Vegas, NV",Msa,NV,2019-04-30,2212
394775,31,"Las Vegas, NV",Msa,NV,2019-05-31,2283
394775,31,"Las Vegas, NV",Msa,NV,2019-06-30,2195
394775,31,"Las Vegas, NV",Msa,NV,2019-07-31,2246
394775,31,"Las Vegas, NV",Msa,NV,2019-08-31,2219
394775,31,"Las Vegas, NV",Msa,NV,2019-09-30,1973
394775,31,"Las Vegas, NV",Msa,NV,2019-10-31,2001
394775,31,"Las Vegas, NV",Msa,NV,2019-11-30,1818
394775,31,"Las Vegas, NV",Msa,NV,2019-12-31,1544
394775,31,"Las Vegas, NV",Msa,NV,2020-01-31,2063
394775,31,"Las Vegas, NV",Msa,NV,2020-02-29,2222
394775,31,"Las Vegas, NV",Msa,NV,2020-03-31,1977
394775,31,"Las Vegas, NV",Msa,NV,2020-04-30,1350
394775,31,"Las Vegas, NV",Msa,NV,2020-05-31,1890
394775,31,"Las Vegas, NV",Msa,NV,2020-06-30,2345
394775,31,"Las Vegas, NV",Msa,NV,2020-07-31,2378
394775,31,"Las Vegas, NV",Msa,NV,2020-08-31,2417
394775,31,"Las Vegas, NV",Msa,NV,2020-09-30,2269
394775,31,"Las Vegas, NV",Msa,NV,2020-10-31,2185
394775,31,"Las Vegas, NV",Msa,NV,2020-11-30,1874
394775,31,"Las Vegas, NV",Msa,NV,2020-12-31,2011
394492,32,"Columbus, OH",Msa,OH,2018-03-31,2075
394492,32,"Columbus, OH",Msa,OH,2018-04-30,2340
394492,32,"Columbus, OH",Msa,OH,2018-05-31,2766
394492,32,"Columbus, OH",Msa,OH,2018-06-30,2775
394492,32,"Columbus, OH",Msa,OH,2018-07-31,2771
394492,32,"Columbus, OH",Msa,OH,2018-08-31,2652
394492,32,"Columbus, OH",Msa,OH,2018-09-30,2094
394492,32,"Columbus, OH",Msa,OH,2018-10-31,2241
394492,32,"Columbus, OH",Msa,OH,2018-11-30,1675
394492,32,"Columbus, OH",Msa,OH,2018-12-31,1346
394492,32,"Columbus, OH",Msa,OH,2019-01-31,1698
394492,32,"Columbus, OH",Msa,OH,2019-02-28,1776
394492,32,"Columbus, OH",Msa,OH,2019-03-31,2396
394492,32,"Columbus, OH",Msa,OH,2019-04-30,2662
394492,32,"Columbus, OH",Msa,OH,2019-05-31,2831
394492,32,"Columbus, OH",Msa,OH,2019-06-30,2899
394492,32,"Columbus, OH",Msa,OH,2019-07-31,2873
394492,32,"Columbus, OH",Msa,OH,2019-08-31,2713
394492,32,"Columbus, OH",Msa,OH,2019-09-30,2394
394492,32,"Columbus, OH",Msa,OH,2019-10-31,2423
394492,32,"Columbus, OH",Msa,OH,2019-11-30,1905
394492,32,"Columbus, OH",Msa,OH,2019-12-31,1401
394492,32,"Columbus, OH",Msa,OH,2020-01-31,1989
394492,32,"Columbus, OH",Msa,OH,2020-02-29,1992
394492,32,"Columbus, OH",Msa,OH,2020-03-31,2422
394492,32,"Columbus, OH",Msa,OH,2020-04-30,2227
394492,32,"Columbus, OH",Msa,OH,2020-05-31,2634
394492,32,"Columbus, OH",Msa,OH,2020-06-30,2900
394492,32,"Columbus, OH",Msa,OH,2020-07-31,2902
394492,32,"Columbus, OH",Msa,OH,2020-08-31,3002
394492,32,"Columbus, OH",Msa,OH,2020-09-30,2796
394492,32,"Columbus, OH",Msa,OH,2020-10-31,2690
394492,32,"Columbus, OH",Msa,OH,2020-11-30,2199
394492,32,"Columbus, OH",Msa,OH,2020-12-31,1602
394355,35,"Austin, TX",Msa,TX,2018-01-31,1795
394355,35,"Austin, TX",Msa,TX,2018-02-28,1899
394355,35,"Austin, TX",Msa,TX,2018-03-31,2330
394355,35,"Austin, TX",Msa,TX,2018-04-30,2538
394355,35,"Austin, TX",Msa,TX,2018-05-31,2841
394355,35,"Austin, TX",Msa,TX,2018-06-30,2758
394355,35,"Austin, TX",Msa,TX,2018-07-31,2642
394355,35,"Austin, TX",Msa,TX,2018-08-31,2421
394355,35,"Austin, TX",Msa,TX,2018-09-30,1782
394355,35,"Austin, TX",Msa,TX,2018-10-31,1847
394355,35,"Austin, TX",Msa,TX,2018-11-30,1667
394355,35,"Austin, TX",Msa,TX,2018-12-31,1406
394355,35,"Austin, TX",Msa,TX,2019-01-31,1860
394355,35,"Austin, TX",Msa,TX,2019-02-28,2044
394355,35,"Austin, TX",Msa,TX,2019-03-31,2559
394355,35,"Austin, TX",Msa,TX,2019-04-30,2992
394355,35,"Austin, TX",Msa,TX,2019-05-31,3021
394355,35,"Austin, TX",Msa,TX,2019-06-30,2993
394355,35,"Austin, TX",Msa,TX,2019-07-31,2833
394355,35,"Austin, TX",Msa,TX,2019-08-31,2529
394355,35,"Austin, TX",Msa,TX,2019-09-30,2250
394355,35,"Austin, TX",Msa,TX,2019-10-31,2197
394355,35,"Austin, TX",Msa,TX,2019-11-30,1942
394355,35,"Austin, TX",Msa,TX,2019-12-31,1548
394355,35,"Austin, TX",Msa,TX,2020-01-31,2097
394355,35,"Austin, TX",Msa,TX,2020-02-29,2208
394355,35,"Austin, TX",Msa,TX,2020-03-31,2414
394355,35,"Austin, TX",Msa,TX,2020-04-30,1970
394355,35,"Austin, TX",Msa,TX,2020-05-31,3067
394355,35,"Austin, TX",Msa,TX,2020-06-30,3563
394355,35,"Austin, TX",Msa,TX,2020-07-31,3279
394355,35,"Austin, TX",Msa,TX,2020-08-31,3249
394355,35,"Austin, TX",Msa,TX,2020-09-30,2769
394355,35,"Austin, TX",Msa,TX,2020-10-31,2575
394355,35,"Austin, TX",Msa,TX,2020-11-30,2067
394355,35,"Austin, TX",Msa,TX,2020-12-31,1735
394902,37,"Nashville, TN",Msa,TN,2018-01-31,309
394902,37,"Nashville, TN",Msa,TN,2018-02-28,343
394902,37,"Nashville, TN",Msa,TN,2018-03-31,470
394902,37,"Nashville, TN",Msa,TN,2018-04-30,447
394902,37,"Nashville, TN",Msa,TN,2018-05-31,415
394902,37,"Nashville, TN",Msa,TN,2018-06-30,512
394902,37,"Nashville, TN",Msa,TN,2018-07-31,545
394902,37,"Nashville, TN",Msa,TN,2018-08-31,512
394902,37,"Nashville, TN",Msa,TN,2018-09-30,401
394902,37,"Nashville, TN",Msa,TN,2018-10-31,433
394902,37,"Nashville, TN",Msa,TN,2018-11-30,400
394902,37,"Nashville, TN",Msa,TN,2018-12-31,326
394902,37,"Nashville, TN",Msa,TN,2019-01-31,386
394902,37,"Nashville, TN",Msa,TN,2019-02-28,379
394902,37,"Nashville, TN",Msa,TN,2019-03-31,441
394902,37,"Nashville, TN",Msa,TN,2019-04-30,532
394902,37,"Nashville, TN",Msa,TN,2019-05-31,558
394902,37,"Nashville, TN",Msa,TN,2019-06-30,418
394902,37,"Nashville, TN",Msa,TN,2019-07-31,777
394902,37,"Nashville, TN",Msa,TN,2019-08-31,528
394902,37,"Nashville, TN",Msa,TN,2019-09-30,409
394902,37,"Nashville, TN",Msa,TN,2019-10-31,543
394902,37,"Nashville, TN",Msa,TN,2019-11-30,357
394902,37,"Nashville, TN",Msa,TN,2019-12-31,324
394902,37,"Nashville, TN",Msa,TN,2020-01-31,342
394902,37,"Nashville, TN",Msa,TN,2020-02-29,284
394902,37,"Nashville, TN",Msa,TN,2020-03-31,351
394902,37,"Nashville, TN",Msa,TN,2020-04-30,350
394902,37,"Nashville, TN",Msa,TN,2020-05-31,424
394902,37,"Nashville, TN",Msa,TN,2020-06-30,380
394902,37,"Nashville, TN",Msa,TN,2020-07-31,391
394902,37,"Nashville, TN",Msa,TN,2020-08-31,358
394902,37,"Nashville, TN",Msa,TN,2020-09-30,455
394902,37,"Nashville, TN",Msa,TN,2020-10-31,412
394902,37,"Nashville, TN",Msa,TN,2020-11-30,340
394902,37,"Nashville, TN",Msa,TN,2020-12-31,319
394714,40,"Jacksonville, FL",Msa,FL,2019-08-31,2568
394714,40,"Jacksonville, FL",Msa,FL,2019-09-30,2121
394714,40,"Jacksonville, FL",Msa,FL,2019-10-31,2329
394714,40,"Jacksonville, FL",Msa,FL,2019-11-30,2029
394714,40,"Jacksonville, FL",Msa,FL,2019-12-31,1697
394714,40,"Jacksonville, FL",Msa,FL,2020-01-31,2389
394714,40,"Jacksonville, FL",Msa,FL,2020-02-29,2491
394714,40,"Jacksonville, FL",Msa,FL,2020-03-31,2616
394714,40,"Jacksonville, FL",Msa,FL,2020-04-30,1993
394714,40,"Jacksonville, FL",Msa,FL,2020-05-31,2990
394714,40,"Jacksonville, FL",Msa,FL,2020-06-30,3206
394714,40,"Jacksonville, FL",Msa,FL,2020-07-31,3231
394714,40,"Jacksonville, FL",Msa,FL,2020-08-31,3125
394714,40,"Jacksonville, FL",Msa,FL,2020-09-30,3092
394714,40,"Jacksonville, FL",Msa,FL,2020-10-31,3032
394714,40,"Jacksonville, FL",Msa,FL,2020-11-30,2524
394714,40,"Jacksonville, FL",Msa,FL,2020-12-31,2281
394669,44,"Hartford, CT",Msa,CT,2018-01-31,963
394669,44,"Hartford, CT",Msa,CT,2018-02-28,766
394669,44,"Hartford, CT",Msa,CT,2018-03-31,863
394669,44,"Hartford, CT",Msa,CT,2018-04-30,1029
394669,44,"Hartford, CT",Msa,CT,2018-05-31,1170
394669,44,"Hartford, CT",Msa,CT,2018-06-30,1060
394669,44,"Hartford, CT",Msa,CT,2018-07-31,996
394669,44,"Hartford, CT",Msa,CT,2018-08-31,966
394669,44,"Hartford, CT",Msa,CT,2018-09-30,785
394669,44,"Hartford, CT",Msa,CT,2018-10-31,872
394669,44,"Hartford, CT",Msa,CT,2018-11-30,712
394669,44,"Hartford, CT",Msa,CT,2018-12-31,525
394669,44,"Hartford, CT",Msa,CT,2019-01-31,607
394669,44,"Hartford, CT",Msa,CT,2019-02-28,752
394669,44,"Hartford, CT",Msa,CT,2019-03-31,1010
394669,44,"Hartford, CT",Msa,CT,2019-04-30,1249
394669,44,"Hartford, CT",Msa,CT,2019-05-31,1306
394669,44,"Hartford, CT",Msa,CT,2019-06-30,1147
394669,44,"Hartford, CT",Msa,CT,2019-07-31,1095
394669,44,"Hartford, CT",Msa,CT,2019-08-31,1050
394669,44,"Hartford, CT",Msa,CT,2019-09-30,914
394669,44,"Hartford, CT",Msa,CT,2019-10-31,977
394669,44,"Hartford, CT",Msa,CT,2019-11-30,775
394669,44,"Hartford, CT",Msa,CT,2019-12-31,581
394669,44,"Hartford, CT",Msa,CT,2020-01-31,799
394669,44,"Hartford, CT",Msa,CT,2020-02-29,934
394669,44,"Hartford, CT",Msa,CT,2020-03-31,1102
394669,44,"Hartford, CT",Msa,CT,2020-04-30,766
394669,44,"Hartford, CT",Msa,CT,2020-05-31,1246
394669,44,"Hartford, CT",Msa,CT,2020-06-30,1514
394669,44,"Hartford, CT",Msa,CT,2020-07-31,1474
394669,44,"Hartford, CT",Msa,CT,2020-08-31,1385
394669,44,"Hartford, CT",Msa,CT,2020-09-30,1402
394669,44,"Hartford, CT",Msa,CT,2020-10-31,1427
394669,44,"Hartford, CT",Msa,CT,2020-11-30,1049
394669,44,"Hartford, CT",Msa,CT,2020-12-31,785
394910,46,"New Orleans, LA",Msa,LA,2018-01-31,660
394910,46,"New Orleans, LA",Msa,LA,2018-02-28,709
394910,46,"New Orleans, LA",Msa,LA,2018-03-31,892
394910,46,"New Orleans, LA",Msa,LA,2018-04-30,921
394910,46,"New Orleans, LA",Msa,LA,2018-05-31,976
394910,46,"New Orleans, LA",Msa,LA,2018-06-30,972
394910,46,"New Orleans, LA",Msa,LA,2018-07-31,937
394910,46,"New Orleans, LA",Msa,LA,2018-08-31,759
394910,46,"New Orleans, LA",Msa,LA,2018-09-30,566
394910,46,"New Orleans, LA",Msa,LA,2018-10-31,641
394910,46,"New Orleans, LA",Msa,LA,2018-11-30,525
394910,46,"New Orleans, LA",Msa,LA,2018-12-31,415
394910,46,"New Orleans, LA",Msa,LA,2019-01-31,565
394910,46,"New Orleans, LA",Msa,LA,2019-02-28,644
394910,46,"New Orleans, LA",Msa,LA,2019-03-31,807
394910,46,"New Orleans, LA",Msa,LA,2019-04-30,908
394910,46,"New Orleans, LA",Msa,LA,2019-05-31,895
394910,46,"New Orleans, LA",Msa,LA,2019-06-30,900
394910,46,"New Orleans, LA",Msa,LA,2019-07-31,780
394910,46,"New Orleans, LA",Msa,LA,2019-08-31,872
394910,46,"New Orleans, LA",Msa,LA,2019-09-30,727
394910,46,"New Orleans, LA",Msa,LA,2019-10-31,647
394910,46,"New Orleans, LA",Msa,LA,2019-11-30,558
394910,46,"New Orleans, LA",Msa,LA,2019-12-31,497
394910,46,"New Orleans, LA",Msa,LA,2020-01-31,624
394910,46,"New Orleans, LA",Msa,LA,2020-02-29,641
394910,46,"New Orleans, LA",Msa,LA,2020-03-31,734
394910,46,"New Orleans, LA",Msa,LA,2020-04-30,573
394910,46,"New Orleans, LA",Msa,LA,2020-05-31,841
394910,46,"New Orleans, LA",Msa,LA,2020-06-30,963
394910,46,"New Orleans, LA",Msa,LA,2020-07-31,982
394910,46,"New Orleans, LA",Msa,LA,2020-08-31,924
394910,46,"New Orleans, LA",Msa,LA,2020-09-30,813
394910,46,"New Orleans, LA",Msa,LA,2020-10-31,785
394910,46,"New Orleans, LA",Msa,LA,2020-11-30,701
394910,46,"New Orleans, LA",Msa,LA,2020-12-31,620
394425,47,"Buffalo, NY",Msa,NY,2018-01-31,736
394425,47,"Buffalo, NY",Msa,NY,2018-02-28,772
394425,47,"Buffalo, NY",Msa,NY,2018-03-31,985
394425,47,"Buffalo, NY",Msa,NY,2018-04-30,959
394425,47,"Buffalo, NY",Msa,NY,2018-05-31,1282
394425,47,"Buffalo, NY",Msa,NY,2018-06-30,1194
394425,47,"Buffalo, NY",Msa,NY,2018-07-31,1298
394425,47,"Buffalo, NY",Msa,NY,2018-08-31,1195
394425,47,"Buffalo, NY",Msa,NY,2018-09-30,916
394425,47,"Buffalo, NY",Msa,NY,2018-10-31,1081
394425,47,"Buffalo, NY",Msa,NY,2018-11-30,779
394425,47,"Buffalo, NY",Msa,NY,2018-12-31,538
394425,47,"Buffalo, NY",Msa,NY,2019-01-31,737
394425,47,"Buffalo, NY",Msa,NY,2019-02-28,764
394425,47,"Buffalo, NY",Msa,NY,2019-03-31,1029
394425,47,"Buffalo, NY",Msa,NY,2019-04-30,1122
394425,47,"Buffalo, NY",Msa,NY,2019-05-31,1231
394425,47,"Buffalo, NY",Msa,NY,2019-06-30,1263
394425,47,"Buffalo, NY",Msa,NY,2019-07-31,1290
394425,47,"Buffalo, NY",Msa,NY,2019-08-31,1181
394425,47,"Buffalo, NY",Msa,NY,2019-09-30,1061
394425,47,"Buffalo, NY",Msa,NY,2019-10-31,1032
394425,47,"Buffalo, NY",Msa,NY,2019-11-30,828
394425,47,"Buffalo, NY",Msa,NY,2019-12-31,590
394425,47,"Buffalo, NY",Msa,NY,2020-01-31,812
394425,47,"Buffalo, NY",Msa,NY,2020-02-29,830
394425,47,"Buffalo, NY",Msa,NY,2020-03-31,850
394425,47,"Buffalo, NY",Msa,NY,2020-04-30,432
394425,47,"Buffalo, NY",Msa,NY,2020-05-31,849
394425,47,"Buffalo, NY",Msa,NY,2020-06-30,1396
394425,47,"Buffalo, NY",Msa,NY,2020-07-31,1376
394425,47,"Buffalo, NY",Msa,NY,2020-08-31,1436
394425,47,"Buffalo, NY",Msa,NY,2020-09-30,1296
394425,47,"Buffalo, NY",Msa,NY,2020-10-31,1171
394425,47,"Buffalo, NY",Msa,NY,2020-11-30,846
394425,47,"Buffalo, NY",Msa,NY,2020-12-31,651
395012,48,"Raleigh, NC",Msa,NC,2018-01-31,1092
395012,48,"Raleigh, NC",Msa,NC,2018-02-28,1389
395012,48,"Raleigh, NC",Msa,NC,2018-03-31,1546
395012,48,"Raleigh, NC",Msa,NC,2018-04-30,1676
395012,48,"Raleigh, NC",Msa,NC,2018-05-31,1888
395012,48,"Raleigh, NC",Msa,NC,2018-06-30,1776
395012,48,"Raleigh, NC",Msa,NC,2018-07-31,1736
395012,48,"Raleigh, NC",Msa,NC,2018-08-31,1691
395012,48,"Raleigh, NC",Msa,NC,2018-09-30,1172
395012,48,"Raleigh, NC",Msa,NC,2018-10-31,1390
395012,48,"Raleigh, NC",Msa,NC,2018-11-30,1195
395012,48,"Raleigh, NC",Msa,NC,2018-12-31,862
395012,48,"Raleigh, NC",Msa,NC,2019-01-31,1328
395012,48,"Raleigh, NC",Msa,NC,2019-02-28,1512
395012,48,"Raleigh, NC",Msa,NC,2019-03-31,1838
395012,48,"Raleigh, NC",Msa,NC,2019-04-30,1889
395012,48,"Raleigh, NC",Msa,NC,2019-05-31,2036
395012,48,"Raleigh, NC",Msa,NC,2019-06-30,2216
395012,48,"Raleigh, NC",Msa,NC,2019-07-31,1949
395012,48,"Raleigh, NC",Msa,NC,2019-08-31,1824
395012,48,"Raleigh, NC",Msa,NC,2019-09-30,1740
395012,48,"Raleigh, NC",Msa,NC,2019-10-31,1777
395012,48,"Raleigh, NC",Msa,NC,2019-11-30,1554
395012,48,"Raleigh, NC",Msa,NC,2019-12-31,1138
395012,48,"Raleigh, NC",Msa,NC,2020-01-31,1629
395012,48,"Raleigh, NC",Msa,NC,2020-02-29,1709
395012,48,"Raleigh, NC",Msa,NC,2020-03-31,1970
395012,48,"Raleigh, NC",Msa,NC,2020-04-30,1591
395012,48,"Raleigh, NC",Msa,NC,2020-05-31,2227
395012,48,"Raleigh, NC",Msa,NC,2020-06-30,2270
395012,48,"Raleigh, NC",Msa,NC,2020-07-31,2087
395012,48,"Raleigh, NC",Msa,NC,2020-08-31,2185
395012,48,"Raleigh, NC",Msa,NC,2020-09-30,1935
395012,48,"Raleigh, NC",Msa,NC,2020-10-31,1932
395012,48,"Raleigh, NC",Msa,NC,2020-11-30,1610
395012,48,"Raleigh, NC",Msa,NC,2020-12-31,1266
394388,49,"Birmingham, AL",Msa,AL,2018-01-31,865
394388,49,"Birmingham, AL",Msa,AL,2018-02-28,1045
394388,49,"Birmingham, AL",Msa,AL,2018-03-31,1294
394388,49,"Birmingham, AL",Msa,AL,2018-04-30,1378
394388,49,"Birmingham, AL",Msa,AL,2018-05-31,1351
394388,49,"Birmingham, AL",Msa,AL,2018-06-30,1318
394388,49,"Birmingham, AL",Msa,AL,2018-07-31,1249
394388,49,"Birmingham, AL",Msa,AL,2018-08-31,1209
394388,49,"Birmingham, AL",Msa,AL,2018-09-30,924
394388,49,"Birmingham, AL",Msa,AL,2018-10-31,1024
394388,49,"Birmingham, AL",Msa,AL,2018-11-30,824
394388,49,"Birmingham, AL",Msa,AL,2018-12-31,635
394388,49,"Birmingham, AL",Msa,AL,2019-01-31,950
394388,49,"Birmingham, AL",Msa,AL,2019-02-28,1092
394388,49,"Birmingham, AL",Msa,AL,2019-03-31,1428
394388,49,"Birmingham, AL",Msa,AL,2019-04-30,1511
394388,49,"Birmingham, AL",Msa,AL,2019-05-31,1485
394388,49,"Birmingham, AL",Msa,AL,2019-06-30,1422
394388,49,"Birmingham, AL",Msa,AL,2019-07-31,1359
394388,49,"Birmingham, AL",Msa,AL,2019-08-31,1311
394388,49,"Birmingham, AL",Msa,AL,2019-09-30,1168
394388,49,"Birmingham, AL",Msa,AL,2019-10-31,1128
394388,49,"Birmingham, AL",Msa,AL,2019-11-30,863
394388,49,"Birmingham, AL",Msa,AL,2019-12-31,775
394388,49,"Birmingham, AL",Msa,AL,2020-01-31,1099
394388,49,"Birmingham, AL",Msa,AL,2020-02-29,1149
394388,49,"Birmingham, AL",Msa,AL,2020-03-31,1442
394388,49,"Birmingham, AL",Msa,AL,2020-04-30,1253
394388,49,"Birmingham, AL",Msa,AL,2020-05-31,1601
394388,49,"Birmingham, AL",Msa,AL,2020-06-30,1764
394388,49,"Birmingham, AL",Msa,AL,2020-07-31,1773
394388,49,"Birmingham, AL",Msa,AL,2020-08-31,1786
394388,49,"Birmingham, AL",Msa,AL,2020-09-30,1691
394388,49,"Birmingham, AL",Msa,AL,2020-10-31,1565
394388,49,"Birmingham, AL",Msa,AL,2020-11-30,1367
394388,49,"Birmingham, AL",Msa,AL,2020-12-31,1105
395031,51,"Rochester, NY",Msa,NY,2018-01-31,565
395031,51,"Rochester, NY",Msa,NY,2018-02-28,616
395031,51,"Rochester, NY",Msa,NY,2018-03-31,878
395031,51,"Rochester, NY",Msa,NY,2018-04-30,994
395031,51,"Rochester, NY",Msa,NY,2018-05-31,1093
395031,51,"Rochester, NY",Msa,NY,2018-06-30,1098
